name,KO/TKO,Submission,Unanimous Decision,Majority Decision,Split Decision,No Contest,Losses,StrikeBonus,5roundBonus,Value
Max Holloway,900,180,640,0,70,0,175,1240,350,3205
Georges St-Pierre,500,270,800,0,140,0,50,831,375,2866
Jon Jones,500,540,720,0,70,0,25,683,375,2863
Michael Bisping,1000,0,640,0,140,0,225,662,275,2492
Donald Cerrone,1000,540,560,0,0,0,350,375,225,2350
Dustin Poirier,900,360,480,75,0,0,175,405,300,2345
Rafael Dos Anjos,400,450,880,0,70,0,325,485,350,2310
Andrei Arlovski,900,180,720,0,210,0,400,396,200,2206
Neil Magny,500,180,880,0,210,0,250,594,75,2189
Amanda Nunes,700,270,400,0,70,0,50,480,300,2170
Demetrious Johnson,200,450,560,0,70,0,50,577,350,2157
Jim Miller,600,990,480,0,140,0,400,292,50,2152
Charles Oliveira,400,1440,160,0,0,0,225,194,150,2119
Frankie Edgar,400,180,800,0,70,0,275,586,350,2111
Anderson Silva,1100,270,240,0,0,0,175,294,375,2104
Kamaru Usman,400,90,800,0,0,0,50,555,250,2045
Junior Dos Santos,1000,0,400,0,0,0,200,534,300,2034
Derrick Lewis,1400,0,160,0,140,0,225,287,250,2012
Alexander Volkanovski,500,0,560,0,70,0,25,697,175,1977
Randy Couture,600,360,320,75,0,0,200,454,350,1959
Demian Maia,100,990,640,75,70,0,275,179,175,1954
Matt Hughes,600,450,400,0,0,0,175,343,300,1918
Joanna Jedrzejczyk,200,0,560,0,70,0,125,894,275,1874
Lyoto Machida,700,90,480,0,140,0,200,361,300,1871
Sean Strickland,400,90,560,0,210,0,125,547,150,1832
Stipe Miocic,900,0,400,0,0,0,100,327,300,1827
Jessica Andrade,500,270,480,0,70,0,250,601,150,1821
Nate Diaz,200,900,240,0,70,0,275,504,175,1814
Aljamain Sterling,200,360,480,0,140,0,100,595,125,1800
Robert Whittaker,500,0,720,0,70,0,125,421,175,1761
TJ Dillashaw,700,90,320,0,70,0,125,472,225,1752
Rich Franklin,800,90,320,0,0,0,150,501,175,1736
Matt Brown,1300,180,160,0,0,0,325,362,50,1727
Cain Velasquez,1000,0,160,0,0,0,75,467,175,1727
Israel Adesanya,500,0,560,0,70,0,75,325,300,1680
Chuck Liddell,900,0,480,0,0,0,175,281,175,1661
Glover Teixeira,500,630,160,0,70,0,175,224,250,1659
Valentina Shevchenko,400,180,320,0,140,0,75,380,300,1645
Thiago Santos,1100,0,240,0,0,0,250,376,175,1641
Khabib Nurmagomedov,200,450,480,0,0,0,0,410,100,1640
Ryan Bader,500,90,640,0,70,0,125,346,100,1621
Edson Barboza,900,0,480,75,70,0,275,267,75,1592
Joseph Benavidez,500,90,640,0,70,0,150,331,100,1581
Alexander Volkov,600,90,240,0,70,0,100,490,175,1565
Diego Sanchez,600,0,720,0,210,0,325,330,25,1560
Stephen Thompson,600,0,480,0,0,0,150,405,200,1535
Tito Ortiz,700,180,240,0,140,0,275,324,225,1534
Francisco Trinaldo,400,180,720,0,140,0,200,292,0,1532
Cub Swanson,600,0,640,0,0,0,225,386,100,1501
Beneil Dariush,300,450,480,0,140,0,125,255,0,1500
Tim Means,600,180,480,0,70,0,300,444,0,1474
Alex Caceres,100,360,560,0,210,0,300,516,25,1471
Ciryl Gane,400,180,240,0,0,0,50,514,175,1459
Darren Elkins,400,180,720,0,140,0,250,251,0,1441
Robbie Lawler,800,0,320,0,210,0,250,134,225,1439
Jon Fitch,100,270,720,0,70,0,75,326,25,1436
Vitor Belfort,1100,180,80,0,0,0,250,99,225,1434
Belal Muhammad,200,90,800,0,70,0,75,299,50,1434
Jose Aldo,400,0,720,0,0,0,175,162,325,1432
Tony Ferguson,300,540,240,0,70,0,175,355,100,1430
Gilbert Burns,300,450,560,0,0,0,150,195,75,1430
Colby Covington,300,180,560,0,0,0,75,314,150,1429
Fabricio Werdum,400,360,320,0,0,0,150,321,175,1426
Alistair Overeem,900,0,160,75,0,0,200,289,200,1424
Bobby Green,200,180,480,0,70,0,225,689,25,1419
Marlon Vera,700,360,320,0,0,0,175,139,75,1419
Derek Brunson,700,180,400,0,0,0,175,185,125,1415
Frank Mir,500,720,160,0,0,0,275,104,200,1409
Anthony Johnson,1100,0,160,0,0,0,150,193,100,1403
Daniel Cormier,300,360,240,0,70,0,75,270,225,1390
Rob Font,600,90,240,0,0,0,150,508,100,1388
Benson Henderson,0,180,400,0,280,0,75,351,250,1386
Islam Makhachev,200,540,400,0,0,0,25,170,100,1385
Jan Blachowicz,500,180,320,0,70,0,175,310,175,1380
Curtis Blaydes,600,0,400,0,0,0,100,283,175,1358
BJ Penn,600,360,80,0,0,0,325,341,300,1356
Vicente Luque,700,450,80,0,70,0,125,129,50,1354
Leon Edwards,300,90,560,75,70,0,50,182,125,1352
Thiago Alves,700,90,400,0,70,0,300,316,50,1326
Brad Tavares,200,0,800,0,210,0,200,290,25,1325
John Lineker,600,90,320,0,70,0,100,284,50,1314
Kevin Holland,500,360,80,0,140,0,175,306,100,1311
Dan Hooker,700,180,160,0,140,0,200,253,50,1283
Rick Story,200,180,400,0,210,0,175,440,25,1280
Conor McGregor,800,0,80,75,0,0,100,141,275,1271
Francis Ngannou,900,90,80,0,0,0,50,95,150,1265
Josh Koscheck,600,270,400,0,70,0,250,146,25,1261
Clay Guida,200,450,560,0,280,0,425,166,25,1256
Jorge Masvidal,500,90,400,0,0,0,250,364,150,1254
Rashad Evans,600,0,240,75,280,0,200,125,125,1245
Tim Sylvia,500,0,320,0,0,0,100,292,225,1237
Yair Rodriguez,400,90,240,0,140,0,75,261,175,1231
Sean O'Malley,600,0,160,0,70,0,25,401,25,1231
Nik Lentz,300,180,560,0,140,0,225,271,0,1226
Dong Hyun Kim,400,90,480,0,140,0,100,184,25,1219
Nate Marquardt,600,270,320,0,0,0,300,275,50,1215
Cory Sandhagen,400,90,160,0,140,0,75,341,150,1206
Ovince Saint Preux,600,450,80,75,70,0,300,97,125,1197
Kelvin Gastelum,300,180,320,0,210,0,200,218,150,1178
Jack Hermansson,300,270,320,0,0,0,150,335,100,1175
Dennis Siver,300,180,480,75,0,0,200,315,25,1175
Jeremy Stephens,700,0,480,0,70,0,450,295,75,1170
Urijah Faber,100,540,320,0,0,0,175,233,150,1168
Michael Johnson,500,0,560,0,70,0,375,359,50,1164
Gegard Mousasi,500,90,240,0,0,0,75,305,100,1160
Alex Morono,200,180,560,0,70,0,125,274,0,1159
Mauricio Rua,800,0,80,0,140,0,300,213,225,1158
Johny Hendricks,500,0,400,75,140,0,200,140,100,1155
Henry Cejudo,400,0,320,0,140,0,75,217,150,1152
Kenny Florian,200,630,160,0,0,0,125,207,75,1147
Yushin Okami,400,0,560,0,140,0,175,168,50,1143
Chris Weidman,400,270,320,0,0,0,175,116,200,1131
Alexander Gustafsson,500,180,240,0,0,0,200,230,175,1125
Zhang Weili,200,180,240,0,70,0,50,335,150,1125
Li Jingliang,800,0,160,0,70,0,150,244,0,1124
Corey Anderson,300,0,560,0,0,0,125,362,25,1122
Raquel Pennington,0,270,480,0,210,0,125,257,25,1117
Jared Cannonier,600,0,240,0,70,0,150,217,125,1102
Forrest Griffin,100,180,480,0,70,0,125,346,50,1101
Thales Leites,200,450,400,0,70,0,200,129,50,1099
Cheick Kongo,600,0,240,75,0,0,150,331,0,1096
Gleison Tibau,100,360,480,0,350,0,300,106,0,1096
John Makdessi,300,0,480,0,140,0,225,391,0,1086
Raphael Assuncao,200,90,480,0,210,0,175,251,25,1081
Anthony Smith,500,360,80,0,70,0,200,95,175,1080
Drew Dober,800,90,240,0,0,0,200,150,0,1080
Nikita Krylov,400,450,160,0,0,0,175,244,0,1079
Rani Yahya,0,630,400,0,70,0,125,103,0,1078
Evan Dunham,100,90,400,0,210,0,225,502,0,1077
Merab Dvalishvili,100,0,640,0,0,0,50,358,25,1073
Stefan Struve,500,540,80,75,0,0,275,102,50,1072
Ed Herman,400,450,240,0,70,0,300,207,0,1067
Joe Lauzon,500,630,80,0,70,0,300,84,0,1064
Jake Matthews,100,450,320,0,70,0,150,272,0,1062
Evan Tanner,400,360,160,0,0,0,150,215,75,1060
Santiago Ponzinibbio,600,0,400,0,0,0,150,160,50,1060
Arnold Allen,200,180,400,0,70,0,25,179,50,1054
Holly Holm,200,0,400,0,70,50,150,228,250,1048
Petr Yan,400,0,320,0,0,0,100,302,125,1047
Ricardo Lamas,400,270,320,0,0,0,150,149,50,1039
Kevin Lee,200,360,240,0,70,0,200,218,150,1038
Deiveson Figueiredo,400,270,160,0,70,0,75,61,150,1036
Rory MacDonald,300,90,400,0,0,0,100,267,75,1032
Chris Leben,700,180,160,0,70,0,250,145,25,1030
Gabriel Gonzaga,700,360,80,0,0,0,250,90,50,1030
Randy Brown,200,270,400,0,70,0,125,213,0,1028
Anthony Pettis,300,360,240,0,70,0,225,108,150,1003
Tim Boetsch,700,0,240,0,140,0,300,198,25,1003
Elizeu Zaleski dos Santos,300,90,320,0,140,0,75,227,0,1002
Phil Davis,0,270,480,0,0,0,75,300,25,1000
Martin Kampmann,200,450,160,0,140,0,150,148,50,998
Yoel Romero,700,0,80,0,70,0,100,122,125,997
Marvin Vettori,0,180,560,0,0,0,125,255,125,995
Magomed Ankalaev,500,0,320,0,0,0,25,172,25,992
Song Yadong,500,90,160,0,70,0,50,170,50,990
Melvin Guillard,700,0,160,0,140,0,225,214,0,989
Cristiane Justino,400,0,160,0,0,0,25,322,125,982
Tyron Woodley,500,90,80,75,70,0,150,136,175,976
Chad Mendes,600,0,240,0,0,0,125,128,125,968
Justin Gaethje,600,0,80,75,0,0,100,86,225,966
Krzysztof Jotko,100,0,560,0,210,0,150,243,0,963
Marcin Tybura,400,0,480,75,0,0,175,133,50,963
Rose Namajunas,200,270,160,0,140,0,125,114,200,959
Carlos Condit,400,0,240,0,70,0,250,347,150,957
Dennis Bermudez,100,180,400,0,140,0,175,283,25,953
Alexandre Pantoja,200,360,160,0,140,0,75,142,25,952
Alex Oliveira,400,270,240,0,70,0,250,194,25,949
Yan Xiaonan,100,0,480,75,0,0,50,317,25,947
Marina Rodriguez,200,0,320,0,70,0,75,337,75,927
Katlyn Cerminara,0,0,720,0,140,0,125,166,25,926
Renan Barao,200,270,320,0,0,0,200,185,150,925
James Krause,300,180,320,0,0,0,100,219,0,919
Brendan Allen,100,540,240,0,0,0,50,88,0,918
Brandon Moreno,200,270,160,0,70,0,100,161,150,911
Matt Mitrione,800,0,80,0,0,0,125,131,25,911
Michael Chiesa,0,540,400,0,0,0,175,96,50,911
Jamahal Hill,400,0,160,0,0,0,25,295,75,905
Marcos Rogerio de Lima,500,180,240,0,0,0,175,160,0,905
Mark Munoz,400,0,320,0,70,0,150,158,100,898
Chan Sung Jung,400,180,80,0,0,0,125,111,250,896
Elias Theodorou,200,0,400,0,70,0,75,301,0,896
Diego Ferreira,400,180,240,0,0,0,125,195,0,890
Jonathan Martinez,300,0,480,0,0,0,75,183,0,888
Travis Browne,700,90,80,0,0,0,175,106,75,876
Pedro Munhoz,300,270,320,0,0,0,200,161,25,876
Al Iaquinta,400,0,320,0,70,0,150,160,75,875
Dominick Cruz,100,0,320,0,140,0,75,215,175,875
Sergio Pettis,0,0,640,0,70,0,125,259,25,869
Renato Moicano,0,540,80,0,140,0,125,182,50,867
Gunnar Nelson,0,720,160,0,0,0,125,62,50,867
Angela Hill,100,0,640,0,0,0,325,401,50,866
Tecia Torres,0,90,560,0,0,0,150,365,0,865
Bryan Barberena,400,90,240,0,70,0,225,290,0,865
Zak Cummings,200,360,320,0,0,0,100,82,0,862
Jacare Souza,400,360,80,0,0,0,175,95,100,860
Iuri Alcantara,300,180,320,0,70,0,175,164,0,859
Court McGee,0,180,560,0,70,0,275,324,0,859
Matt Hamill,500,0,240,75,0,0,125,163,0,853
James Vick,200,270,320,0,0,0,125,162,25,852
Maycee Barber,400,0,160,0,140,0,50,200,0,850
Joanne Wood,100,90,320,0,140,0,200,399,0,849
Carla Esparza,100,90,320,75,210,0,125,76,100,846
Chris Lytle,100,540,240,0,0,0,250,215,0,845
Rafael Natal,100,90,400,0,140,0,175,264,25,844
Matt Wiman,200,270,400,0,0,0,200,170,0,840
Josh Barnett,400,180,80,0,0,0,75,179,75,839
Alan Jouban,400,0,320,0,0,0,125,243,0,838
Mike Swick,500,180,160,75,0,0,125,47,0,837
John Dodson,500,0,240,0,70,0,175,123,75,833
Don Frye,500,270,0,0,0,0,25,88,0,833
Giga Chikadze,300,0,240,0,140,0,25,127,50,832
Arman Tsarukyan,300,0,320,0,0,0,50,237,25,832
Yves Edwards,500,180,160,0,70,0,250,171,0,831
Mark Hunt,700,0,80,0,0,0,200,96,150,826
Michel Prazeres,0,270,320,0,210,0,100,125,0,825
Josh Emmett,300,0,320,0,140,0,100,64,100,824
Gerald Meerschaert,100,810,0,0,0,0,225,135,0,820
Nick Diaz,400,180,80,0,0,0,175,258,75,818
Matt Lindland,300,90,240,75,0,0,75,160,25,815
Ross Pearson,400,0,400,0,140,0,325,173,25,813
Tatiana Suarez,100,360,160,0,0,0,0,193,0,813
Cody Garbrandt,500,0,240,0,0,0,125,62,125,802
Alexa Grasso,0,180,400,0,70,0,75,174,50,799
Grant Dawson,100,360,240,0,0,0,0,99,0,799
Gray Maynard,100,0,560,0,210,0,175,53,50,798
Dan Henderson,400,0,240,0,140,0,225,40,200,795
Paul Felder,400,90,160,0,140,0,150,101,50,791
Shane Burgos,200,90,240,75,70,0,75,190,0,790
Tyson Griffin,100,90,400,0,70,0,150,280,0,790
Dan Ige,300,90,240,0,140,0,150,119,50,789
CB Dollaway,200,180,400,0,70,0,225,138,25,788
Daniel Rodriguez,200,90,240,0,70,0,75,262,0,787
Jared Gordon,100,0,400,0,70,0,125,338,0,783
Paul Craig,300,540,0,0,0,0,150,91,0,781
Luke Rockhold,300,270,0,0,0,0,125,136,200,781
Mackenzie Dern,0,360,160,0,140,0,75,120,75,780
Mike Pyle,500,180,160,0,70,0,225,92,0,777
Karolina Kowalkiewicz,0,90,400,0,140,0,175,296,25,776
Tai Tuivasa,700,0,80,0,0,0,150,94,50,774
Roy Nelson,800,0,80,0,0,0,250,41,100,771
John Hathaway,100,0,400,0,70,0,50,226,25,771
Kai Kara-France,200,0,320,0,70,0,100,230,50,770
Quinton Jackson,300,0,320,0,70,0,125,105,100,770
TJ Grant,300,90,240,0,70,0,75,144,0,769
Brian Ortega,300,270,80,0,0,0,75,67,125,767
Nathaniel Wood,0,270,320,0,0,0,50,225,0,765
Chris Gutierrez,300,0,160,0,140,0,50,215,0,765
Kyoji Horiguchi,200,0,400,0,0,0,25,165,25,765
Mike Pierce,300,90,320,0,70,0,125,109,0,764
Jairzinho Rozenstruik,700,0,0,0,0,0,125,63,125,763
Rustam Khabilov,100,0,560,0,70,0,75,83,25,763
Julianna Pena,200,180,240,0,0,0,75,142,75,762
Ronda Rousey,300,270,0,0,0,0,50,42,200,762
Thiago Tavares,100,450,320,0,0,0,175,66,0,761
Nate Quarry,500,0,160,0,0,0,75,151,25,761
Omari Akhmedov,200,90,400,0,70,0,125,124,0,759
Chael Sonnen,0,180,400,0,0,0,175,253,100,758
Marcus Davis,300,360,80,0,70,0,150,95,0,755
Ian Machado Garry,300,0,240,0,0,0,0,212,0,752
Dustin Ortiz,400,0,80,0,210,0,150,211,0,751
Myles Jury,300,90,240,0,70,0,100,149,0,749
Movsar Evloev,0,0,480,0,70,0,0,199,0,749
Gillian Robertson,100,630,80,0,0,0,150,88,0,748
Aleksei Oleinik,100,630,0,0,70,0,200,72,75,747
Dricus Du Plessis,400,90,80,0,0,0,0,174,0,744
Montel Jackson,200,90,320,0,0,0,50,180,0,740
Jorge Rivera,500,0,160,0,70,0,175,185,0,740
Gregor Gillespie,400,180,80,0,0,0,25,101,0,736
Cole Miller,100,630,160,0,0,0,225,71,0,736
Germaine de Randamie,300,90,160,0,70,0,50,90,75,735
Manon Fiorot,200,0,320,0,0,0,0,214,0,734
Anthony Rocco Martin,100,270,400,0,0,0,150,114,0,734
Johnny Walker,500,90,80,0,0,0,100,112,50,732
Pedro Rizzo,600,0,80,0,70,0,125,31,75,731
Louis Smolka,400,180,160,0,0,0,225,214,0,729
Khalil Rountree Jr.,600,0,80,0,70,0,125,102,0,727
Royce Gracie,100,630,0,0,0,0,25,17,0,722
Nasrat Haqparast,100,0,480,0,0,0,100,240,0,720
Ben Rothwell,400,270,80,0,70,0,200,72,25,717
John Moraga,200,270,160,0,70,0,150,141,25,716
Calvin Kattar,400,0,240,0,0,0,125,76,125,716
Ricky Simon,100,270,240,0,70,0,75,81,25,711
Serghei Spivac,300,180,80,75,0,0,100,125,50,710
Tom Aspinall,400,180,0,0,0,0,25,78,75,708
Amanda Lemos,300,180,80,0,70,0,75,78,75,708
Dustin Jacoby,400,0,240,0,0,0,100,168,0,708
Jake Ellenberger,500,90,160,0,70,0,275,111,50,706
Andre Fili,300,0,320,0,210,0,225,100,0,705
Thiago Silva,600,0,80,0,0,0,75,99,0,704
Alejandro Perez,300,90,240,0,70,0,100,104,0,704
Alan Belcher,400,270,0,0,70,0,150,112,0,702
Karo Parisyan,100,90,400,0,70,0,100,140,0,700
Billy Quarantillo,300,90,160,0,0,0,75,221,0,696
Charles Jourdain,200,180,160,0,0,0,125,280,0,695
Geoff Neal,400,90,80,0,70,0,75,100,25,690
Khamzat Chimaev,200,270,80,0,0,0,0,111,25,686
Ilir Latifi,300,180,240,0,70,0,175,69,0,684
Kyung Ho Kang,0,360,80,0,210,0,75,108,0,683
Mark Bocek,0,360,240,0,70,0,125,138,0,683
Alonzo Menifield,400,180,80,0,0,0,75,98,0,683
Brandon Vera,400,90,240,0,0,0,175,102,25,682
Sergei Pavlovich,600,0,0,0,0,0,25,82,25,682
Ben Saunders,300,270,160,0,70,0,250,132,0,682
Takeya Mizugaki,100,0,320,0,210,0,150,201,0,681
Aaron Simpson,200,0,320,0,70,0,100,190,0,680
Erin Blanchfield,0,270,240,0,0,0,0,144,25,679
Ryan LaFlare,0,0,560,0,0,0,75,167,25,677
Drakkar Klose,100,0,400,0,70,0,50,156,0,676
Mairbek Taisumov,500,0,160,0,0,0,50,63,0,673
Sean Sherk,0,90,400,0,70,0,100,112,100,672
Uriah Hall,600,0,80,0,70,0,225,71,75,671
Hakeem Dawodu,100,0,160,0,210,0,100,301,0,671
Pat Miletich,100,270,80,0,140,0,50,55,75,670
Aleksandar Rakic,200,0,320,0,0,0,50,173,25,668
Ilia Topuria,300,90,160,0,0,0,0,92,25,667
JunYong Park,0,270,160,75,70,0,50,142,0,667
Irene Aldana,300,90,160,0,70,0,125,121,50,666
Bruno Silva,600,90,0,0,0,0,125,101,0,666
Dan Severn,0,450,160,0,70,0,100,84,0,664
Chas Skelly,200,360,160,0,0,0,75,17,0,662
Mario Bautista,100,270,240,0,0,0,50,101,0,661
Dominick Reyes,300,90,80,0,70,0,100,120,100,660
Devin Clark,100,0,560,0,0,0,200,174,25,659
Zabit Magomedsharipov,0,270,240,0,0,0,0,147,0,657
Volkan Oezdemir,300,90,80,0,140,0,150,147,50,657
Sam Alvey,500,90,160,0,140,0,325,91,0,656
Roger Huerta,300,90,160,0,0,0,50,154,0,654
Vinc Pichel,100,0,480,0,0,0,75,148,0,653
Michal Oleksiejczuk,600,0,0,0,70,0,100,80,0,650
Erik Perez,200,90,240,0,70,0,50,99,0,649
Chris Camozzi,100,90,320,0,140,0,250,248,0,648
Paulo Costa,400,0,160,0,0,0,50,87,50,647
Spencer Fisher,200,180,320,0,0,0,200,147,0,647
Chris Cariaso,100,0,320,0,140,0,150,209,25,644
Patrick Cote,400,0,320,0,70,0,275,104,25,644
Gabriel Benitez,300,180,160,0,0,0,150,153,0,643
Jack Della Maddalena,300,90,0,0,140,0,0,111,0,641
Mark Coleman,300,270,80,0,0,0,125,116,0,641
Rousimar Palhares,0,540,160,0,0,0,100,40,0,640
Amanda Ribas,0,180,320,0,0,0,75,210,0,635
JJ Aldrich,100,0,480,0,70,0,125,109,0,634
Trevin Giles,300,0,160,0,140,0,125,157,0,632
Tim Elliott,0,90,560,0,0,0,250,206,25,631
Nordine Taleb,200,0,320,0,70,0,125,166,0,631
Alexandr Romanov,100,270,80,0,70,0,50,160,0,630
Michel Pereira,100,90,240,0,70,0,50,180,0,630
Jack Shore,0,270,160,0,70,0,25,154,0,629
Bryce Mitchell,0,90,400,75,0,0,25,89,0,629
Jimmie Rivera,100,0,400,0,70,0,100,132,25,627
Cody Stamann,100,0,320,0,140,0,125,189,0,624
Stephan Bonnar,200,180,320,0,0,0,175,97,0,622
Stevie Ray,200,0,160,150,70,0,100,142,0,622
Lauren Murphy,200,90,160,0,210,0,150,84,25,619
Cezar Ferreira,0,270,320,0,140,0,150,38,0,618
Vladimir Matyushenko,300,0,240,0,70,0,125,108,25,618
Carlos Ulberg,300,90,80,0,0,0,25,172,0,617
Norma Dumont,0,0,400,0,70,0,50,170,25,615
Raoni Barcelos,200,90,240,0,0,0,100,181,0,611
Sage Northcutt,200,90,240,0,0,0,50,129,0,609
Alex Perez,200,180,160,0,0,0,75,119,25,609
George Sotiropoulos,100,360,160,0,0,0,100,63,25,608
Sodiq Yusuff,200,90,240,0,0,0,25,103,0,608
Tanner Boser,300,0,160,0,0,0,125,272,0,607
Jailton Almeida,200,270,0,0,0,0,0,112,25,607
Fabio Maldonado,200,0,160,0,70,0,150,302,25,607
Leonardo Santos,200,180,160,0,70,0,75,71,0,606
Amir Sadollah,100,90,240,0,70,0,125,228,0,603
Matheus Nicolau,100,90,240,0,140,0,50,79,0,599
Brian Kelleher,200,270,240,0,0,0,175,64,0,599
Ketlen Vieira,0,90,320,0,210,0,75,3,50,598
Alexis Davis,0,90,400,0,140,0,150,92,25,597
Jussier Formiga,0,270,480,0,0,0,175,21,0,596
Ryan Spann,300,180,80,0,70,0,100,39,25,594
Kurt Pellegrino,100,360,160,0,0,0,125,98,0,593
Shawn Jordan,600,0,0,0,0,0,100,91,0,591
Brian Stann,300,90,160,0,0,0,125,140,25,590
Ricco Rodriguez,500,0,0,0,0,0,50,89,50,589
Kennedy Nzechukwu,400,90,80,0,0,0,100,119,0,589
Karol Rosa,0,0,240,75,140,0,50,183,0,588
Sam Stout,100,0,400,0,210,0,275,152,0,587
Jens Pulver,200,0,240,75,0,0,50,47,75,587
Mateusz Gamrot,300,90,80,0,70,0,50,45,50,585
Said Nurmagomedov,200,180,80,0,70,0,50,105,0,585
Matthew Riddle,100,0,320,0,70,0,75,168,0,583
David Abbott,500,180,80,0,0,0,250,72,0,582
Ion Cutelaba,400,0,160,0,0,0,200,221,0,581
Jalin Turner,300,270,0,0,0,0,100,111,0,581
Warlley Alves,200,270,160,0,0,0,150,98,0,578
Darren Till,200,0,240,0,70,0,125,39,150,574
Antonio Carlos Junior,0,450,160,0,0,0,125,88,0,573
Alex Pereira,300,0,80,0,70,0,25,98,50,573
Eryk Anders,400,0,160,0,70,0,200,90,50,570
Macy Chiasson,200,90,160,0,70,0,75,124,0,569
Scott Holtzman,100,90,320,0,0,0,150,207,0,567
Ray Borg,0,180,400,0,0,0,125,86,25,566
Danny Castillo,200,0,320,0,70,0,175,150,0,565
Jonathan Pearce,200,90,160,0,0,0,25,136,0,561
Rafael Fiziev,300,0,240,0,0,0,75,46,50,561
Sergio Moraes,100,270,160,0,140,0,125,15,0,560
Max Griffin,300,0,160,75,70,0,200,155,0,560
Claudia Gadelha,0,90,320,0,140,0,125,109,25,559
Michael McDonald,200,180,80,0,70,0,75,54,50,559
Roman Dolidze,400,0,80,0,70,0,50,58,0,558
Kyler Phillips,100,90,240,0,0,0,25,153,0,558
Douglas Silva de Andrade,200,90,320,0,0,0,125,72,0,557
Olivier Aubin-Mercier,100,360,80,0,70,0,125,71,0,556
Davey Grant,300,90,80,0,70,0,150,165,0,555
Miesha Tate,100,90,240,75,0,0,150,99,100,554
Muslim Salikhov,300,0,160,0,70,0,75,97,0,552
Chad Laprise,300,0,160,0,70,0,100,122,0,552
Renato Sobral,0,360,80,75,0,0,100,111,25,551
Erick Silva,200,450,0,0,0,0,200,74,25,549
Sara McMann,100,180,240,0,70,0,150,80,25,545
Andrea Lee,100,90,240,0,0,0,150,264,0,544
Kendall Grove,200,180,80,0,140,0,150,94,0,544
Niko Price,400,180,80,0,0,0,175,58,0,543
Jared Rosholt,100,0,400,0,0,0,50,90,0,540
Marc Diakiese,200,0,400,0,0,0,175,115,0,540
Patrick Cummins,200,0,240,0,70,0,175,201,0,536
Paige VanZant,200,180,80,0,0,0,100,126,50,536
Matt Serra,200,90,160,75,70,0,175,64,50,534
Shavkat Rakhmonov,100,360,0,0,0,0,0,74,0,534
Julio Arce,200,90,160,0,0,0,100,183,0,533
Frank Shamrock,200,270,0,0,0,0,0,38,25,533
Brock Lesnar,200,90,80,0,0,0,75,113,125,533
Kyle Noke,300,180,0,0,70,0,150,132,0,532
Tyson Pedro,400,180,0,0,0,0,100,50,0,530
Mirsad Bektic,200,90,80,75,70,0,100,112,0,527
Rashid Magomedov,100,0,240,0,70,0,25,141,0,526
Mike Perry,400,0,160,0,70,0,200,95,0,525
Ricardo Ramos,200,90,240,0,70,0,100,24,0,524
Molly McCann,200,0,320,0,0,0,125,129,0,524
Brendan Schaub,300,90,160,0,0,0,125,97,0,522
Loopy Godinez,0,180,240,0,70,0,75,107,0,522
Enrique Barzola,0,0,400,0,70,0,75,126,0,521
Alexander Hernandez,300,0,240,0,0,0,125,104,0,519
Casey O'Neill,200,90,0,0,70,0,25,184,0,519
Gregory Rodrigues,400,0,80,0,0,0,50,89,0,519
Nicolas Dalby,0,0,320,0,140,0,75,131,0,516
Bryan Battle,200,180,80,0,0,0,25,81,0,516
Lerone Murphy,200,0,160,0,70,0,0,81,0,511
Michelle Waterson-Gomez,0,180,160,0,140,0,200,129,100,509
Rogerio Nogueira,400,0,80,0,70,0,175,107,25,507
Loma Lookboonmee,0,90,240,0,70,0,50,157,0,507
Wilson Gouveia,200,360,0,0,0,0,100,46,0,506
Keith Jardine,200,0,160,0,140,0,175,181,0,506
Walt Harris,600,0,0,0,0,0,225,104,25,504
Joe Stevenson,100,270,240,0,0,0,200,69,25,504
Mayra Bueno Silva,0,360,80,0,0,50,50,39,25,504
Abdul Razak Alhassan,600,0,0,0,0,0,125,26,0,501
Francis Carmont,0,180,240,0,70,0,75,86,0,501
Ken Shamrock,200,360,0,0,0,0,125,39,25,499
Ricardo Almeida,0,270,240,0,0,0,125,114,0,499
Cynthia Calvillo,0,270,240,0,0,0,150,113,25,498
Amir Albazi,100,180,80,0,70,0,0,39,25,494
Andre Petroski,100,180,80,0,70,0,0,63,0,493
Natalia Silva,200,0,160,0,0,0,0,132,0,492
David Teymur,200,0,240,0,0,0,25,76,0,491
Hermes Franca,200,180,160,0,0,0,125,51,25,491
Adrian Yanez,400,0,0,0,70,0,25,46,0,491
Umar Nurmagomedov,100,180,80,0,0,0,0,130,0,490
Shane Carwin,400,0,0,0,0,0,50,90,50,490
Danny Roberts,300,90,80,0,140,0,175,54,0,489
Joel Alvarez,200,270,0,0,0,0,50,68,0,488
Anthony Hernandez,100,270,80,0,0,0,50,88,0,488
Tom Breese,400,0,80,0,0,0,75,81,0,486
Tracy Cortez,0,0,320,0,70,0,0,92,0,482
Tom Lawlor,200,180,160,0,0,0,125,67,0,482
Constantinos Philippou,300,0,160,0,70,0,100,27,25,482
Jennifer Maia,0,90,400,0,0,0,125,91,25,481
Oleg Taktarov,0,450,80,0,0,0,50,0,0,480
Wilson Reis,0,180,400,0,0,0,150,23,25,478
Thomas Almeida,400,0,80,0,0,0,125,93,25,473
Krzysztof Soszynski,100,180,160,0,0,0,75,108,0,473
Pannie Kianzad,0,0,400,0,0,0,100,171,0,471
Terry Etim,100,360,80,0,0,0,125,55,0,470
Abel Trujillo,300,90,80,0,0,0,100,99,0,469
Khaos Williams,300,0,80,0,70,0,50,68,0,468
Daron Cruickshank,300,0,160,0,70,0,150,88,0,468
Randa Markos,0,90,320,0,140,0,250,166,0,466
Ryan Hall,0,90,320,0,0,0,25,79,0,464
Misha Cirkunov,100,450,0,0,0,0,175,89,0,464
Paul Kelly,100,90,240,0,0,0,100,133,0,463
Makwan Amirkhani,100,360,80,0,70,0,175,25,0,460
Dan Hardy,200,0,160,0,140,0,100,35,25,460
Chase Hooper,200,90,80,0,0,0,75,164,0,459
Sijara Eubanks,100,0,320,0,0,0,125,163,0,458
Nina Nunes,0,90,240,0,70,0,100,158,0,458
Joaquin Buckley,400,0,0,0,70,0,100,86,0,456
Damir Ismagulov,0,0,320,0,70,0,50,114,0,454
Augusto Sakai,200,0,80,0,140,0,100,84,50,454
Benoit Saint Denis,200,180,0,0,0,0,25,99,0,454
James Te Huna,300,0,160,0,0,0,125,93,25,453
Taylor Lapilus,100,0,240,0,0,0,25,138,0,453
Ramsey Nijem,200,0,240,0,0,0,125,137,0,452
Sean Brady,0,180,240,0,0,0,25,56,0,451
Cortney Casey,100,180,160,0,70,0,225,166,0,451
Alessio Sakara,400,0,80,0,70,0,200,100,0,450
Joe Solecki,0,180,160,75,0,0,25,59,0,449
Sean Woodson,100,0,160,0,70,0,25,143,0,448
Pat Sabatini,0,180,240,0,0,0,25,53,0,448
Luis Pena,100,90,160,0,70,0,75,101,0,446
Makhmud Muradov,200,0,160,0,0,0,50,135,0,445
Miles Johns,200,0,80,0,70,50,50,93,0,443
Thiago Moises,0,270,240,0,0,0,125,31,25,441
Matt Frevola,300,0,80,0,70,0,75,66,0,441
Antonio Rodrigo Nogueira,100,180,160,0,0,0,150,50,100,440
Nassourdine Imavov,200,0,160,0,0,0,50,104,25,439
Phil Hawes,200,0,80,75,0,0,75,158,0,438
Daniel Kelly,100,90,240,0,70,0,100,38,0,438
Jamie Mullarkey,200,0,160,0,70,0,100,104,0,434
Casey Kenney,0,90,320,0,0,0,75,98,0,433
Song Kenan,300,0,160,0,0,0,75,48,0,433
Brandon Royval,100,270,0,0,70,0,50,43,0,433
Jordan Mein,200,0,160,0,70,0,100,103,0,433
Wanderlei Silva,400,0,80,0,0,0,175,52,75,432
Marc-Andre Barriault,200,90,160,0,0,0,125,106,0,431
Albert Tumenov,300,0,80,0,70,0,75,55,0,430
Leslie Smith,200,0,160,0,0,0,75,145,0,430
Norman Parke,100,0,320,0,0,0,75,84,0,429
Maryna Moroz,0,180,240,0,70,0,125,64,0,429
Jeremy Horn,100,360,80,0,0,0,175,39,25,429
Lorenz Larkin,300,0,80,0,70,0,125,103,0,428
Mickey Gall,0,450,80,0,0,0,125,22,0,427
Tatsuro Taira,0,180,160,0,0,0,0,87,0,427
Edmen Shahbazyan,300,90,0,0,70,0,100,67,0,427
Cyrille Diabate,100,90,80,75,0,0,100,182,0,427
Chris Daukaus,400,0,0,0,0,0,100,76,50,426
Bryan Caraway,0,360,80,0,70,0,100,14,0,424
Roman Kopylov,400,0,0,0,0,0,50,74,0,424
Marion Reneau,200,180,80,0,0,0,175,137,0,422
Bill Algeo,100,90,160,0,0,0,75,147,0,422
Cody Durden,100,0,320,0,0,0,50,52,0,422
Eddie Wineland,500,0,0,0,70,0,250,76,25,421
Zubaira Tukhugov,200,0,160,0,70,0,75,66,0,421
Matt Schnell,0,270,80,0,140,0,125,55,0,420
Liz Carmouche,100,0,240,0,70,0,125,82,50,417
George Roop,200,0,160,0,70,0,200,186,0,416
Diego Brandao,100,180,160,0,0,0,100,46,25,411
Christos Giagos,100,180,240,0,0,0,175,65,0,410
Brett Johns,0,180,240,0,0,0,50,39,0,409
Joselyne Edwards,0,0,160,0,140,0,75,183,0,408
Jerry Bohlander,0,360,80,0,0,0,50,18,0,408
Bethe Correia,100,0,160,0,140,0,150,108,50,408
Montana De La Rosa,100,270,80,0,0,0,100,57,0,407
Eddie Alvarez,200,0,0,0,140,0,75,66,75,406
Claudio Puelles,0,270,160,0,0,0,50,25,0,405
Ignacio Bahamondes,100,90,80,0,0,0,50,185,0,405
John Howard,200,0,80,0,280,0,175,20,0,405
Justin Scoggins,100,0,240,0,0,0,125,189,0,404
Steven Siler,100,90,240,0,0,0,100,74,0,404
Johnny Case,100,90,160,0,0,0,50,103,0,403
Marlon Moraes,200,90,0,0,140,0,150,23,100,403
Mark Kerr,200,180,0,0,0,0,0,22,0,402
Matthew Semelsberger,200,0,240,0,0,0,100,62,0,402
Jose Quinonez,0,90,320,0,0,0,100,92,0,402
Miranda Maverick,0,180,160,0,0,0,75,137,0,402
Efrain Escudero,100,90,240,0,0,0,175,146,0,401
Jacob Volkmann,0,90,240,0,140,0,100,31,0,401
Viviane Araujo,100,0,320,0,0,0,100,55,25,400
Ali Bagautinov,100,0,240,0,0,0,75,110,25,400
Ben Nguyen,100,180,80,0,0,0,75,114,0,399
Guy Mezger,200,90,80,0,0,0,25,54,0,399
Chris Wade,0,180,240,0,0,0,50,28,0,398
Andre Muniz,0,270,160,0,0,0,50,17,0,397
Daniel Pineda,100,360,0,0,0,0,150,87,0,397
Jason MacDonald,200,360,0,0,0,0,200,36,0,396
Aspen Ladd,300,0,80,0,0,0,75,41,50,396
Ariane Lipski,0,90,240,0,70,0,125,120,0,395
Yana Santos,0,0,320,0,0,0,125,175,25,395
Yancy Medeiros,200,270,0,0,70,0,200,28,25,393
Gavin Tucker,0,180,160,0,0,0,75,127,0,392
Cameron Saaiman,200,0,0,75,0,0,0,114,0,389
Gian Villante,400,0,0,0,210,0,275,54,0,389
Siyar Bahadurzada,300,90,0,0,0,0,100,98,0,388
Jeremiah Wells,200,90,0,0,70,0,25,53,0,388
Claudio Silva,0,270,80,0,70,0,75,43,0,388
Paddy Pimblett,100,180,80,0,0,0,0,26,0,386
Jason Lambert,300,90,0,0,0,0,100,96,0,386
Justin Willis,100,0,240,0,0,0,25,70,0,385
Julian Erosa,100,180,80,0,140,0,175,58,0,383
Armen Petrosyan,0,0,160,0,70,0,25,175,0,380
Ramazan Emeev,0,0,320,0,70,0,75,65,0,380
Brian Ebersole,100,0,160,0,140,0,75,55,0,380
Javid Basharat,0,0,240,0,0,0,0,140,0,380
Jon Madsen,100,0,160,0,70,0,25,73,0,378
Greg Hardy,300,0,80,0,0,0,125,123,0,378
Manel Kape,200,0,160,0,0,0,50,67,0,377
Erik Koch,200,90,160,0,0,0,125,49,0,374
Damon Jackson,100,180,160,0,0,0,100,34,0,374
Martin Buday,0,90,160,0,70,0,0,53,0,373
Jordan Johnson,0,90,160,0,70,0,0,52,0,372
Frankie Saenz,0,0,240,0,140,0,125,116,0,371
Chris Curtis,300,0,80,0,0,0,50,41,0,371
Desmond Green,100,0,160,0,70,0,75,114,0,369
Carlston Harris,100,180,80,0,0,0,25,34,0,369
Jeff Molina,100,0,80,0,70,0,0,119,0,369
Andrew Sanchez,100,0,320,0,0,0,125,73,0,368
Terrance McKinney,200,180,0,0,0,0,75,63,0,368
Rafa Garcia,0,90,240,0,0,0,75,112,0,367
Patrick Smith,100,270,0,0,0,0,25,20,0,365
Joaquim Silva,300,0,0,0,140,0,100,24,0,364
Antoni Hardonk,400,0,0,0,0,0,100,64,0,364
Shamil Abdurakhimov,200,0,160,0,70,0,150,59,25,364
Jiri Prochazka,200,90,0,0,0,0,0,23,50,363
Muhammad Mokaev,0,270,80,0,0,0,0,12,0,362
Dustin Hazelett,0,360,80,0,0,0,125,46,0,361
Antonina Shevchenko,100,90,80,0,70,0,100,120,0,360
Dan Miller,0,360,80,0,70,0,175,24,0,359
Tabatha Ricci,0,90,240,0,0,0,25,54,0,359
Marco Ruas,100,270,0,0,0,0,50,39,0,359
Caio Borralho,0,90,240,0,0,0,0,28,0,358
Waldo Cortes-Acosta,100,0,160,0,0,0,25,122,0,357
Ricky Glenn,100,0,80,0,140,0,100,136,0,356
Jake Shields,0,0,80,0,210,0,75,91,50,356
Jake Collier,100,90,160,0,70,0,225,161,0,356
Ruslan Magomedov,0,0,240,0,0,0,0,115,0,355
Taila Santos,0,90,240,0,0,0,75,74,25,354
Trevor Smith,0,0,320,0,70,0,175,139,0,354
Kevin Randleman,0,0,320,0,0,0,75,33,75,353
Michael Morales,200,0,80,0,0,0,0,73,0,353
Mark Madsen,100,0,160,0,70,0,25,48,0,353
Alan Patrick,100,0,320,0,0,0,100,32,0,352
Marco Polo Reyes,300,0,0,0,70,0,100,82,0,352
Robert Peralta,200,0,80,0,70,0,75,76,0,351
Josh Neer,0,270,160,0,0,0,225,146,0,351
Uros Medic,300,0,0,0,0,0,25,76,0,351
Jordan Leavitt,200,90,0,0,70,0,50,40,0,350
Din Thomas,0,180,160,0,70,0,100,40,0,350
Azamat Murzakanov,200,0,80,0,0,0,0,68,0,348
Paul Taylor,200,0,80,0,70,0,125,123,0,348
Sean Pierson,0,0,240,75,0,0,50,81,0,346
Soa Palelei,400,0,0,0,0,0,75,21,0,346
Justin Tafa,400,0,0,0,0,0,75,19,0,344
Maurice Smith,100,90,80,0,70,0,75,79,0,344
Manvel Gamburyan,0,270,240,0,0,0,200,33,0,343
Aiemann Zahabi,200,0,160,0,0,0,50,31,0,341
Fares Ziam,0,0,240,75,0,0,50,76,0,341
Alex Garcia,200,90,80,0,70,0,125,25,0,340
Kajan Johnson,100,0,160,0,70,0,75,82,0,337
Sabina Mazo,0,90,80,0,70,0,100,196,0,336
Felipe Arantes,100,180,160,0,0,0,150,46,0,336
Kenny Robertson,100,180,80,0,0,0,125,100,0,335
Mac Danzig,100,180,160,0,0,0,200,95,0,335
Todd Duffee,300,0,0,0,0,0,50,60,25,335
Brad Riddell,0,0,240,0,70,0,75,98,0,333
Anthony Perosh,200,270,0,0,0,0,175,37,0,332
Alex White,200,0,160,0,0,0,150,122,0,332
Seth Baczynski,100,180,80,0,70,0,150,51,0,331
Jeff Monson,100,90,80,0,70,0,75,41,25,331
Francisco Rivera,300,0,80,0,0,0,150,100,0,330
Darren Stewart,200,90,80,0,70,0,175,64,0,329
Mirko Filipovic,300,90,0,0,0,0,150,63,25,328
Godofredo Pepey,100,270,0,0,70,0,150,38,0,328
Jimmy Crute,200,180,0,0,0,0,100,48,0,328
Roosevelt Roberts,0,180,160,0,0,0,75,63,0,328
Luana Carolina,0,0,240,0,70,0,75,91,0,326
Felicia Spencer,200,90,0,0,0,0,75,85,25,325
Rinat Fakhretdinov,0,90,160,0,0,0,0,75,0,325
Nate Landwehr,0,180,80,75,0,0,75,65,0,325
Dusko Todorovic,300,0,0,0,0,0,100,125,0,325
SeungWoo Choi,100,0,240,0,0,0,125,109,0,324
Luiz Cane,300,0,80,0,0,0,125,69,0,324
Drew Fickett,0,270,80,0,0,0,75,48,0,323
Pat Barry,400,0,80,0,0,0,175,18,0,323
Josiane Nunes,100,0,160,0,0,0,0,63,0,323
Magnus Cedenblad,100,180,80,0,0,0,50,12,0,322
Sumudaerji,100,0,160,0,0,0,50,112,0,322
Alatengheili,100,0,160,0,70,0,25,17,0,322
Melsik Baghdasaryan,100,0,160,0,0,0,25,86,0,321
Jimi Manuwa,300,0,80,0,0,0,150,65,25,320
Mitch Gagnon,0,270,80,0,0,0,100,67,0,317
Caio Magalhaes,200,90,80,0,0,0,75,22,0,317
Yves Jabouin,0,0,160,0,210,0,125,72,0,317
Da Woon Jung,200,90,80,0,0,0,75,22,0,317
Gary Goodridge,400,0,0,0,0,0,100,16,0,316
Sam Sicilia,300,0,160,0,0,0,175,31,0,316
Murilo Bustamante,100,180,0,0,0,0,25,11,50,316
Joe Proctor,200,90,80,0,0,0,100,45,0,315
Mike Malott,100,180,0,0,0,0,0,33,0,313
Tim Kennedy,100,0,160,0,0,0,50,53,50,313
Brad Blackburn,100,0,80,0,70,0,50,112,0,312
Ludovit Klein,100,0,160,0,70,0,50,32,0,312
Davi Ramos,0,270,80,0,0,0,75,36,0,311
Rodolfo Vieira,0,360,0,0,0,0,50,0,0,310
Marcin Prachnio,100,0,160,0,0,0,125,175,0,310
Elias Silverio,0,90,160,0,0,0,50,109,0,309
Drew McFedries,400,0,0,0,0,0,125,34,0,309
Jessica-Rose Clark,100,0,160,0,70,0,125,104,0,309
Anthony Njokuani,100,0,160,0,0,0,125,172,0,307
Lyman Good,300,0,0,0,0,0,75,82,0,307
Nicolae Negumereanu,200,0,0,0,140,0,50,17,0,307
Duane Ludwig,100,0,160,0,70,0,125,102,0,307
Dean Lister,0,180,160,0,0,0,50,15,0,305
Damir Hadzovic,200,0,80,0,70,0,125,80,0,305
Adriano Martins,200,90,0,0,70,0,75,19,0,304
Felice Herrig,0,180,160,0,70,0,125,19,0,304
Daniel Omielanczuk,200,0,0,150,0,0,125,78,0,303
Edimilson Souza,200,0,0,0,70,0,25,58,0,303
Michael Trizano,100,0,80,0,140,0,75,58,0,303
Lucas Martins,200,90,0,0,70,0,75,17,0,302
Maximo Blanco,100,0,240,0,0,0,125,87,0,302
Tamdan McCrory,100,180,80,0,0,0,125,65,0,300
Jason Knight,100,90,80,0,70,0,125,83,0,298
William Gomis,100,0,80,0,70,0,0,48,0,298
Steve Garcia,300,0,0,0,0,0,50,46,0,296
Rich Clementi,0,270,80,0,70,0,125,1,0,296
Parker Porter,100,0,240,0,0,0,100,55,0,295
Joe Duffy,100,180,80,0,0,0,100,35,0,295
Joanderson Brito,200,90,0,0,0,0,25,29,0,294
Timothy Johnson,100,0,160,0,70,0,75,38,0,293
Brian Foster,200,90,0,0,0,0,50,53,0,293
Luigi Fioravanti,200,0,160,0,0,0,125,56,0,291
Luke Sanders,100,90,80,0,0,0,125,146,0,291
Tony Gravely,200,0,80,0,70,0,100,40,0,290
Joshua Burkman,100,90,240,0,70,0,300,90,0,290
Gerald Harris,300,0,0,0,0,0,25,15,0,290
Mike Davis,100,0,160,0,0,0,25,53,0,288
Dennis Hallman,100,180,80,0,0,0,125,28,25,288
Viscardi Andrade,100,0,160,0,0,0,25,52,0,287
Cathal Pendred,0,90,160,0,70,0,50,17,0,287
Maurice Greene,100,180,0,0,70,0,100,37,0,287
Karine Silva,0,270,0,0,0,0,0,17,0,287
Paul Varelans,200,90,80,0,0,0,100,17,0,287
Paulo Thiago,100,90,240,0,0,0,200,54,0,284
Rony Jason,200,90,80,0,0,0,100,14,0,284
Chris Gruetzemacher,100,0,160,0,0,0,100,124,0,284
Batgerel Danaa,300,0,0,0,0,0,100,83,0,283
Polyana Viana,100,270,0,0,0,0,125,37,0,282
TJ Waldburger,0,270,80,0,0,0,100,32,0,282
Virna Jandiroba,0,180,160,0,0,0,75,16,0,281
Peter Sobotta,100,90,160,0,0,0,150,80,0,280
Tim Credeur,200,90,0,0,0,0,50,40,0,280
Jake O'Brien,100,0,160,0,70,0,75,25,0,280
Phil Rowe,300,0,0,0,0,0,50,29,0,279
Marcus Brimage,100,0,160,0,70,0,100,48,0,278
Chase Sherman,300,0,80,0,0,0,275,173,0,278
Paul Buentello,200,90,0,0,0,0,75,38,25,278
Julia Avila,100,90,80,0,0,0,25,33,0,278
Priscila Cachoeira,300,0,80,0,0,0,125,22,0,277
Curtis Millender,100,0,160,0,0,0,50,64,0,274
Jacob Malkoun,0,0,240,0,0,0,75,109,0,274
Josh Samman,200,90,0,0,0,0,50,34,0,274
Punahele Soriano,300,0,0,0,0,0,75,48,0,273
Charles Rosa,0,180,80,0,140,0,200,72,0,272
Cat Zingano,200,0,80,0,0,0,100,67,25,272
Dooho Choi,300,0,0,0,0,0,75,22,25,272
Claude Patrick,0,90,160,0,0,0,25,47,0,272
Miguel Baeza,200,90,0,0,0,0,75,56,0,271
Mateusz Rebecki,100,0,80,0,0,0,0,90,0,270
Ivan Menjivar,100,180,80,0,0,0,125,35,0,270
CJ Vergara,100,0,80,0,70,0,50,70,0,270
David Branch,100,0,160,0,70,0,125,40,25,270
Ian Freeman,200,0,80,0,0,0,50,40,0,270
John Castaneda,100,90,80,0,0,0,50,49,0,269
Andre Ewell,0,0,80,0,210,0,125,103,0,268
Zak Ottow,100,0,0,0,210,0,100,57,0,267
Vitor Miranda,300,0,0,0,0,0,100,67,0,267
Yuta Sasaki,0,360,0,0,0,0,125,32,0,267
Lando Vannata,100,90,80,0,70,0,175,100,0,265
David Onama,200,90,0,0,0,0,50,25,0,265
Vaughan Lee,0,90,160,0,0,0,125,139,0,264
Guido Cannetti,100,90,160,0,0,0,150,64,0,264
Tomasz Drwal,200,90,0,0,0,0,75,49,0,264
Eddie Sanchez,300,0,0,0,0,0,75,38,0,263
Francimar Barroso,0,0,320,0,0,0,100,42,0,262
Askar Askarov,0,0,240,0,0,0,25,47,0,262
Alberto Mina,200,0,0,0,70,0,25,17,0,262
Jeremy Kennedy,0,0,240,0,0,0,25,46,0,261
Clint Hester,100,0,80,0,70,0,75,86,0,261
Mohammed Usman,100,0,160,0,0,0,0,0,0,260
Ildemar Alcantara,0,90,80,0,140,0,75,24,0,259
Ode Osbourne,200,0,80,0,70,0,100,7,0,257
Hyun Gyu Lim,300,0,0,0,0,0,100,31,25,256
Brad Katona,0,0,240,0,0,0,50,64,0,254
Valerie Letourneau,0,0,160,0,70,0,75,73,25,253
Roan Carneiro,100,90,80,0,70,0,125,38,0,253
Luke Barnatt,100,90,80,0,0,0,75,58,0,253
Karl Roberson,0,180,80,0,70,0,150,73,0,253
Rich Attonito,100,0,160,0,0,0,50,43,0,253
Youssef Zalal,0,0,240,0,0,0,75,87,0,252
Pablo Garza,100,90,80,0,0,0,75,56,0,251
Victor Henry,0,0,80,0,70,0,25,126,0,251
Nick Hein,0,0,320,0,0,0,100,31,0,251
Jimy Hettes,0,180,80,0,0,0,75,65,0,250
Megan Anderson,200,90,0,0,0,0,75,10,25,250
Jon Tuck,100,180,80,0,0,0,125,13,0,248
Nick Catone,0,90,80,0,140,0,100,37,0,247
Carlos Newton,0,270,0,0,0,0,100,1,75,246
George Sullivan,100,0,160,0,0,0,100,86,0,246
Josh Thomson,200,0,0,75,0,0,100,44,25,244
Johnny Bedford,200,0,0,0,0,0,75,117,0,242
Ivan Salaverry,100,180,0,0,0,0,100,62,0,242
Hugo Viana,100,0,80,0,70,0,75,66,0,241
Ryan Jimmo,200,0,80,0,0,0,100,61,0,241
Manny Bermudez,0,270,0,0,0,0,50,21,0,241
Jason Brilz,100,0,160,0,0,0,100,80,0,240
DaMarques Johnson,200,180,0,0,0,0,150,10,0,240
Lavar Johnson,200,0,0,0,0,0,50,89,0,239
Remco Pardoel,100,180,0,0,0,0,50,9,0,239
Nick Ring,0,90,160,0,0,0,75,63,0,238
Julian Marquez,0,270,0,0,0,0,75,41,0,236
Luke Cummo,200,0,80,0,0,0,100,56,0,236
Dave Beneteau,200,0,80,0,0,0,75,29,0,234
Ismail Naurdiev,0,0,160,0,0,0,50,122,0,232
Antonio Silva,300,0,0,0,0,0,175,7,100,232
Denise Gomes,200,0,0,0,0,0,25,56,0,231
Lina Lansberg,0,0,320,0,0,0,175,61,25,231
Josh Culibao,0,90,80,0,70,0,50,41,0,231
Jessica Eye,0,0,160,0,140,0,250,131,50,231
Philipe Lins,100,0,160,0,0,0,50,21,0,231
Kyle Kingsbury,100,0,160,0,70,0,125,25,0,230
Shayilan Nuerdanbieke,100,0,160,0,0,0,50,20,0,230
Mark Hominick,100,90,80,0,0,0,100,35,25,230
Ian Heinisch,100,0,160,0,0,0,100,70,0,230
Rodrigo Nascimento,0,90,0,0,140,0,25,24,0,229
Paddy Holohan,0,90,160,0,0,0,50,28,0,228
Pascal Krauss,0,0,160,0,0,0,50,117,0,227
Shonie Carter,100,0,160,0,0,0,75,42,0,227
Tagir Ulanbekov,0,90,80,0,70,0,25,11,0,226
Cory McKenna,0,90,160,0,0,0,25,0,0,225
Adlan Amagov,100,0,80,0,0,0,0,44,0,224
Ronnie Lawrence,100,0,80,0,0,0,25,69,0,224
Manuel Torres,200,0,0,0,0,0,0,24,0,224
Bartosz Fabinski,0,0,240,0,0,0,75,58,0,223
Paul Sass,0,270,0,0,0,0,50,3,0,223
Tafon Nchukwi,0,0,160,0,0,0,100,162,0,222
Nicholas Musoke,0,90,160,0,0,0,75,47,0,222
Don'Tale Mayes,200,0,80,0,0,0,75,17,0,222
Ryan Janes,100,0,80,0,0,0,50,92,0,222
Nate Maness,100,90,80,0,0,0,50,0,0,220
Mike Russow,100,0,160,0,0,0,50,10,0,220
Jason Saggo,200,0,0,0,70,0,75,24,0,219
Arjan Bhullar,0,0,240,0,0,0,25,4,0,219
Stephanie Egger,100,180,0,0,0,0,75,14,0,219
Ronny Markes,0,0,160,0,70,0,50,39,0,219
David Dvorak,0,90,160,0,0,0,75,43,0,218
Poliana Botelho,100,0,160,0,0,0,100,58,0,218
Tsuyoshi Kohsaka,100,0,160,0,0,0,75,33,0,218
Ron Waterman,100,0,80,0,0,0,25,63,0,218
Cheyanne Vlismas,100,0,80,0,0,0,50,87,0,217
Justin Salas,100,0,80,0,70,0,100,66,0,216
Tyson Nam,300,0,0,0,0,0,125,41,0,216
Sergey Morozov,0,0,240,0,0,0,50,26,0,216
Tony DeSouza,0,180,80,0,0,0,75,30,0,215
Sam Hughes,100,0,80,75,0,0,100,60,0,215
Rob Emerson,100,0,80,0,70,0,75,39,0,214
Caol Uno,100,0,160,0,0,0,125,51,25,211
Anthony Hamilton,200,0,80,0,0,0,175,105,0,210
Sean Spencer,0,0,160,0,70,0,125,104,0,209
Eugene Jackson,200,90,0,0,0,0,100,18,0,208
Rinya Nakamura,100,0,80,0,0,0,0,28,0,208
Viacheslav Borshchev,200,0,0,0,0,0,50,58,0,208
Justine Kish,0,0,240,0,0,0,100,68,0,208
Brock Larson,0,180,80,0,0,0,75,22,0,207
Johnny Eduardo,200,0,80,0,0,0,125,52,0,207
Joe Pyfer,200,0,0,0,0,0,0,7,0,207
Don Madge,100,0,80,0,0,0,0,27,0,207
Yazmin Jauregui,100,0,80,0,0,0,25,51,0,206
Miguel Torres,0,0,160,0,0,0,50,96,0,206
Chris Duncan,0,0,80,0,70,0,0,56,0,206
Riki Fukuda,0,0,160,0,0,0,75,120,0,205
Marcus McGhee,100,90,0,0,0,0,0,15,0,205
Dave Menne,0,0,160,0,0,0,100,95,50,205
Richard Walsh,0,0,160,0,0,0,100,145,0,205
Mikey Burnett,100,0,80,0,0,0,25,49,0,204
Charlie Brenneman,0,0,320,0,0,0,175,58,0,203
Diego Nunes,0,0,160,0,70,0,75,47,0,202
David Terrell,100,90,0,0,0,0,25,12,25,202
Vince Morales,100,0,160,0,0,0,125,67,0,202
Alessio Di Chirico,200,0,0,0,140,0,175,36,0,201
Daniel Marcos,100,0,0,0,70,0,0,30,0,200
Carlos Felipe,0,0,80,0,140,0,50,30,0,200
Jasmine Jasudavicius,0,0,240,0,0,0,50,10,0,200
Dhiego Lima,100,0,80,0,140,0,175,55,0,200
Brad Pickett,100,90,80,0,140,0,225,15,0,200
Chepe Mariscal,100,0,80,0,0,0,0,20,0,200
Neil Seery,0,90,160,0,0,0,100,50,0,200
Daniel Santos,100,0,80,0,0,0,25,44,0,199
Andrew Craig,100,0,80,0,70,0,100,49,0,199
Igor Pokrajac,200,90,80,0,0,0,200,29,0,199
Da'Mon Blackshear,100,90,0,0,0,0,50,59,0,199
Reza Madadi,100,180,0,0,0,0,100,19,0,199
Scott Ferrozzo,100,0,80,0,0,0,50,68,0,198
Ange Loosa,0,0,160,0,0,0,25,63,0,198
Aisling Daly,0,90,80,0,0,0,25,53,0,198
Mike Kyle,200,0,0,0,0,0,25,23,0,198
Joey Beltran,200,0,80,0,0,0,150,68,0,198
Sergey Khandozhko,100,0,80,0,0,0,25,41,0,196
Mike Easton,100,0,80,75,0,0,100,40,0,195
Bo Nickal,100,90,0,0,0,0,0,5,0,195
Kyle Nelson,100,0,160,0,0,0,100,35,0,195
Pete Spratt,0,270,0,0,0,0,100,25,0,195
Mounir Lazzez,0,0,160,0,0,0,50,84,0,194
Tony Fryklund,100,90,0,0,0,0,50,54,0,194
Paul Daley,200,0,0,0,0,0,25,19,0,194
Vanessa Demopoulos,0,90,80,0,70,0,50,4,0,194
Justin Ledet,0,90,80,0,70,0,100,54,0,194
Lucie Pudilova,100,0,160,0,0,0,150,83,0,193
Jamie Varner,100,90,0,0,70,0,150,83,0,193
Omar Morales,0,0,240,0,0,0,100,53,0,193
Juliana Lima,0,0,240,0,0,0,100,53,0,193
TJ Brown,0,90,80,0,70,0,100,53,0,193
William Knight,100,0,160,0,0,0,100,32,0,192
Che Mills,200,0,0,0,0,0,25,16,0,191
Pete Williams,100,180,0,0,0,0,125,10,25,190
Leandro Silva,0,90,160,0,0,0,100,40,0,190
Saidyokub Kakhramonov,0,90,80,0,0,0,25,45,0,190
Fabiano Iha,100,180,0,0,0,0,100,9,0,189
Roland Delorme,0,180,80,0,0,0,75,4,0,189
Mariya Agapova,0,180,0,0,0,0,75,84,0,189
Scott Jorgensen,100,90,160,0,0,0,200,13,25,188
Tatsuya Kawajiri,0,90,160,0,0,0,75,13,0,188
Karl Williams,0,0,160,0,0,0,0,28,0,188
Dongi Yang,200,0,0,0,0,0,75,63,0,188
Timur Valiev,0,0,80,75,0,0,25,57,0,187
Modestas Bukauskas,100,0,160,0,0,0,75,2,0,187
Marcio Cruz,100,90,0,0,0,0,50,47,0,187
Jorge Gurgel,0,0,160,0,70,0,100,57,0,187
Ashlee Evans-Smith,100,0,80,0,70,0,150,86,0,186
Gan McGee,200,0,0,0,0,0,50,11,25,186
Roxanne Modafferi,100,0,160,0,70,0,200,30,25,185
Livinha Souza,0,90,80,0,70,0,75,20,0,185
Kenichi Yamamoto,0,90,80,0,0,0,25,15,25,185
Takanori Gomi,200,0,80,0,70,0,225,59,0,184
Eliot Marshall,0,90,80,0,70,0,75,19,0,184
Maxim Grishin,100,0,80,0,0,0,75,79,0,184
Ottman Azaitar,200,0,0,0,0,0,50,34,0,184
Cung Le,100,0,80,0,0,0,50,4,50,184
Sarah Kaufman,0,0,80,0,0,0,50,154,0,184
Hunter Azure,0,0,160,0,0,0,50,73,0,183
Laverne Clark,100,0,0,75,0,0,25,33,0,183
Juan Espino,0,180,0,0,0,0,25,28,0,183
Farid Basharat,0,90,80,0,0,0,0,12,0,182
Gabriel Bonfim,0,180,0,0,0,0,0,2,0,182
Bea Malecki,0,90,80,0,0,0,25,37,0,182
Tony Kelley,100,0,80,0,0,0,50,51,0,181
Keith Hackney,100,90,0,0,0,0,50,41,0,181
Steve Jennum,100,90,0,0,0,0,25,16,0,181
Johnny Rhodes,100,90,0,0,0,0,25,16,0,181
Victor Altamirano,100,0,80,0,0,0,50,51,0,181
Hector Lombard,200,0,80,0,0,0,200,101,0,181
Christian Rodriguez,0,90,80,0,0,0,25,35,0,180
Marco Beltran,0,90,80,0,70,0,75,14,0,179
Guangyou Ning,100,0,80,0,0,0,50,48,0,178
Bas Rutten,100,0,0,0,70,0,0,8,0,178
Chris Clements,100,0,0,0,70,0,50,58,0,178
Michael Chandler,200,0,0,0,0,0,75,27,25,177
Aleksei Kunchenko,0,0,160,0,0,0,50,67,0,177
Raul Rosas Jr.,100,90,0,0,0,0,25,12,0,177
Dwight Grant,100,0,0,0,140,0,125,62,0,177
Abdul-Kerim Edilov,100,0,0,0,0,0,0,76,0,176
Ji Yeon Kim,100,0,0,0,140,0,175,111,0,176
Vitor Petrino,0,90,80,0,0,0,0,6,0,176
Ricky Turcios,0,0,0,0,140,0,25,61,0,176
Teruto Ishihara,200,0,80,0,0,0,125,21,0,176
Devonte Smith,200,0,0,0,0,0,75,50,0,175
Zach Makovsky,0,0,240,0,0,0,100,35,0,175
Chico Camus,0,0,160,0,70,0,100,45,0,175
Cody McKenzie,0,180,80,0,0,0,100,15,0,175
Russell Doane,100,90,0,0,70,0,125,39,0,174
Hatsu Hioki,0,0,160,0,70,0,125,69,0,174
Joe Soto,0,180,80,0,0,0,125,14,25,174
Jordan Espinosa,0,0,160,0,0,0,100,113,0,173
Frank Trigg,200,0,0,0,0,0,125,48,50,173
Raulian Paiva,100,0,80,75,0,0,100,18,0,173
Daniel Zellhuber,0,90,80,0,0,0,25,27,0,172
Trevor Prangley,0,90,80,0,0,0,50,52,0,172
Michael Graves,0,90,80,0,0,0,0,1,0,171
Chris Holdsworth,0,90,80,0,0,0,0,1,0,171
Elise Reed,0,0,160,0,70,0,100,41,0,171
Phillip Miller,0,90,80,0,0,0,0,1,0,171
Ian McCall,0,0,160,0,0,0,75,85,0,170
Elves Brener,100,0,0,0,70,0,0,0,0,170
Jamall Emmers,0,0,160,0,0,0,75,84,0,169
Lance Benoist,0,0,160,0,0,0,50,59,0,169
Iasmin Lucindo,0,90,80,0,0,0,25,24,0,169
Jake Hadley,100,90,0,0,0,0,50,28,0,168
Piera Rodriguez,0,0,160,0,0,0,25,33,0,168
Magomed Mustafaev,200,0,0,0,0,0,50,18,0,168
Steve Bosse,100,0,80,0,0,0,25,13,0,168
Luana Pinheiro,0,0,80,0,70,0,0,18,0,168
Rob Kimmons,0,180,80,0,0,0,100,7,0,167
Jacqueline Cavalcanti,0,0,80,0,0,0,0,87,0,167
Allan Nascimento,0,90,80,0,0,0,25,21,0,166
Eric Schafer,100,180,0,0,0,0,150,36,0,166
Alex Hunter,0,90,0,0,70,0,0,6,0,166
Junior Assuncao,0,90,80,0,0,0,75,70,0,165
Natan Levy,0,0,160,0,0,0,25,30,0,165
Noad Lahat,0,0,80,75,0,0,50,59,0,164
Jack Jenkins,0,0,80,0,70,0,25,37,0,162
Piotr Hallmann,0,180,0,0,0,0,100,82,0,162
Chris Barnett,200,0,0,0,0,0,50,11,0,161
Nad Narimani,0,0,160,0,0,0,50,51,0,161
Luis Saldana,0,0,160,0,0,0,25,25,0,160
Steven Peterson,100,0,80,0,70,0,125,35,0,160
Adam Wieczorek,0,90,80,0,0,0,25,14,0,159
Mike van Arsdale,0,90,80,0,0,0,50,39,0,159
Genki Sudo,0,180,0,0,0,0,25,4,0,159
Jonathan Goulet,100,90,0,75,0,0,125,19,0,159
Joe Riggs,100,90,80,0,0,0,175,64,0,159
Brady Hiestand,100,0,80,0,0,0,25,4,0,159
Matt Grice,0,0,80,0,70,0,125,134,0,159
Hector Sandoval,100,0,80,0,0,0,50,28,0,158
James Irvin,300,0,0,0,0,0,150,8,0,158
Kevin Jackson,100,90,0,0,0,0,50,18,0,158
Fredy Serrano,200,0,0,0,0,0,50,7,0,157
Oskar Piechota,100,0,80,0,0,0,75,52,0,157
Dong Hyun Ma,100,0,80,0,70,0,125,32,0,157
Carlos Hernandez,0,0,80,0,70,0,25,31,0,156
Keita Nakamura,0,180,0,0,140,0,175,11,0,156
Mike Rodriguez,200,0,0,0,0,0,125,81,0,156
Phil Baroni,200,0,80,0,0,0,175,51,0,156
Jaqueline Amorim,100,0,0,0,0,0,25,80,0,155
Tom Duquesnoy,100,0,80,0,0,0,25,0,0,155
Diana Belbita,0,0,160,0,0,0,75,70,0,155
Brad Scott,0,180,0,0,70,0,125,29,0,154
Ryan Benoit,200,0,0,0,70,0,150,33,0,153
Daniel Roberts,0,180,0,0,70,0,100,3,0,153
Josefine Knutsson,0,0,80,0,0,0,0,73,0,153
Johnny Munoz,0,90,80,0,0,0,75,57,0,152
Blagoy Ivanov,0,0,240,0,0,0,125,11,25,151
Brandon Thatch,200,0,0,0,0,0,100,26,25,151
Rodrigo Damm,0,90,80,0,70,0,100,10,0,150
Tarec Saffiedine,0,0,160,0,0,0,100,40,50,150
Aaron Riley,0,0,240,0,0,0,150,59,0,149
Danny Henry,0,90,80,0,0,0,50,28,0,148
Sarah Moras,100,90,80,0,0,0,150,28,0,148
Eric Shelton,0,0,80,0,70,0,100,97,0,147
James Wilks,0,90,80,0,0,0,50,27,0,147
Rory Singer,0,90,80,0,0,0,50,27,0,147
Deron Winn,0,0,160,0,0,0,75,61,0,146
Shane Young,100,0,80,0,0,0,125,90,0,145
Herbert Burns,100,90,0,0,0,0,50,5,0,145
Ariane Carnelossi,100,90,0,0,0,0,50,5,0,145
Houston Alexander,200,0,0,0,0,0,100,45,0,145
Khalid Murtazaliev,100,0,0,0,0,0,0,44,0,144
David Loiseau,200,0,0,0,0,0,125,44,25,144
Tae Hyun Bang,100,0,0,0,70,0,75,48,0,143
Chris Beal,100,0,80,0,0,0,75,38,0,143
Gabe Green,100,0,80,0,0,0,75,38,0,143
Chidi Njokuani,200,0,0,0,0,0,75,18,0,143
Cyril Asker,100,90,0,0,0,0,75,26,0,141
Robert Whiteford,100,0,80,0,0,0,75,36,0,141
Ken Stone,0,90,0,0,70,0,50,31,0,141
Aoriqileng,100,0,80,0,0,0,75,36,0,141
Jess Liaudin,100,90,0,0,0,0,75,25,0,140
Ivan Jorge,0,0,160,0,0,0,50,30,0,140
Marcelo Guimaraes,0,0,0,0,140,0,50,50,0,140
Esteban Ribovics,0,0,80,0,0,0,25,85,0,140
Dylan Andrews,200,0,0,0,0,0,75,14,0,139
Josh Fremd,0,90,80,0,0,0,75,44,0,139
Luana Santos,100,0,0,0,0,0,0,39,0,139
Mick Parkin,0,0,80,0,0,0,0,59,0,139
Nick Osipczak,100,90,0,0,0,0,75,24,0,139
Khama Worthy,100,90,0,0,0,0,75,23,0,138
Dan Argueta,0,0,80,0,0,50,25,33,0,138
Brian Bowles,0,90,80,0,0,0,50,17,0,137
Alexander Yakovlev,100,90,80,0,0,0,150,17,0,137
Austin Hubbard,0,0,160,0,0,0,125,100,0,135
Scott Askham,200,0,0,0,0,0,100,34,0,134
Charles Johnson,100,0,0,0,70,0,75,39,0,134
Impa Kasanganay,0,90,80,0,0,0,50,14,0,134
Jessica Penne,0,90,0,0,140,0,125,4,25,134
Albert Duraev,0,0,80,0,70,0,50,34,0,134
Nicco Montano,0,0,80,0,0,0,25,54,25,134
Trey Waters,0,0,80,0,0,0,0,54,0,134
Frank Camacho,100,0,0,0,70,0,150,113,0,133
Isaac Dulgarian,100,0,0,0,0,0,0,33,0,133
Leandro Issa,0,180,0,0,0,0,75,28,0,133
Mizuki,0,0,80,0,70,0,25,8,0,133
Danilo Marques,0,90,80,0,0,0,50,13,0,133
Heath Herring,0,0,80,0,70,0,75,57,0,132
Tiago dos Santos e Silva,0,0,80,0,70,0,50,32,0,132
Abubakar Nurmagomedov,0,0,160,0,0,0,50,21,0,131
Jack Marshman,100,0,80,0,70,0,125,6,0,131
Mike Wilkinson,100,0,80,0,0,0,50,0,0,130
Ramiz Brahimaj,0,180,0,0,0,0,50,0,0,130
Diego Rivas,100,0,80,0,0,0,50,0,0,130
Aleksandra Albu,0,90,80,0,0,0,50,10,0,130
Charlie Campbell,100,0,0,0,0,0,0,29,0,129
Randy Costa,200,0,0,0,0,0,100,29,0,129
Jared Hamman,100,0,80,0,0,0,125,74,0,129
Christian Wellisch,0,90,80,0,0,0,75,34,0,129
Tom Murphy,100,0,0,0,0,0,0,28,0,128
Nah-Shon Burrell,0,0,80,0,0,0,25,73,0,128
Amanda Cooper,100,0,80,0,0,0,100,47,0,127
Chris Kelades,0,0,80,0,70,0,50,27,0,127
Alessandro Costa,100,0,0,0,0,0,25,51,0,126
Darren Uyenoyama,0,90,80,0,0,0,50,6,0,126
Gaston Bolanos,0,0,80,0,0,0,0,46,0,126
Royston Wee,0,0,80,0,70,0,25,0,0,125
Chance Rencountre,0,90,80,0,0,0,50,4,0,124
Anshul Jubli,100,0,0,0,0,0,0,24,0,124
Antonio Carvalho,100,0,0,0,70,0,50,3,0,123
Billy Goff,100,0,0,0,0,0,0,23,0,123
James Moontasri,100,90,0,0,0,0,100,33,0,123
Luis Henrique,0,180,0,0,0,0,100,42,0,122
Shane Nelson,100,0,0,0,70,0,50,1,0,121
Terry Martin,200,0,0,0,0,0,100,21,0,121
Francisco Figueiredo,0,90,80,0,0,0,50,1,0,121
Cody Brundage,100,90,0,0,0,0,100,31,0,121
Bojan Velickovic,100,0,80,0,0,0,75,15,0,120
Tulio Palhares,100,0,0,0,0,0,0,20,0,120
Veronica Hardy,0,90,80,0,0,0,100,50,0,120
Jonny Parsons,100,0,0,0,0,0,0,19,0,119
Trevor Peek,100,0,0,0,0,0,25,44,0,119
Lucas Almeida,100,0,0,0,0,0,25,44,0,119
Karlos Vemola,100,90,0,0,0,0,100,29,0,119
Yan Cabral,0,90,80,0,0,0,75,24,0,119
Jarred Brooks,0,0,0,0,140,0,50,28,0,118
Geza Kalman,100,0,0,0,0,0,0,18,0,118
Jonathan Brookins,100,0,80,0,0,0,75,13,0,118
Melquizael Costa,0,0,80,0,0,0,25,62,0,117
KJ Noons,100,0,80,0,0,0,75,12,0,117
Morgan Charriere,100,0,0,0,0,0,0,17,0,117
Wellington Turman,0,90,80,0,70,0,125,1,0,116
Austin Lingo,0,0,160,0,0,0,75,31,0,116
Kalib Starnes,0,90,80,0,0,0,75,21,0,116
Javier Vazquez,0,0,80,0,0,0,0,35,0,115
Darrick Minner,0,90,80,0,0,0,100,45,0,115
Jon Hess,100,0,0,0,0,0,0,15,0,115
Kevin Burns,100,90,0,0,0,0,75,0,0,115
Mana Martinez,0,0,0,0,140,0,50,24,0,114
Lucas Alexander,0,0,80,0,0,0,25,59,0,114
Kiichi Kunimoto,0,90,0,0,70,0,50,4,0,114
Pingyuan Liu,0,0,80,0,70,0,50,13,0,113
Igor Araujo,0,0,160,0,0,0,50,3,0,113
Shana Dobson,200,0,0,0,0,0,100,12,0,112
Nam Phan,0,0,80,0,70,0,150,112,0,112
Edwin Figueroa,100,0,0,0,70,0,100,42,0,112
Asu Almabayev,0,90,0,0,0,0,0,22,0,112
Philip De Fries,0,90,80,0,0,0,75,17,0,112
Jonathan Meunier,0,0,80,0,0,0,25,56,0,111
Benito Lopez,0,0,160,0,0,0,50,0,0,110
Jack Nilson,100,0,0,0,0,0,0,10,0,110
Luke Jumeau,0,0,160,0,0,0,50,0,0,110
Juan Adams,100,0,0,0,0,0,75,85,0,110
Gilbert Urbina,100,0,0,0,0,0,25,35,0,110
Marcus Aurelio,100,90,0,0,0,0,100,20,0,110
Ashley Yoder,0,0,160,0,70,0,175,55,0,110
Justin McCully,0,0,160,0,0,0,50,0,0,110
Forrest Petz,0,0,160,0,0,0,125,74,0,109
Sean O'Connell,200,0,0,0,0,0,125,33,0,108
HyunSung Park,0,90,0,0,0,0,0,18,0,108
Rafael Carino,100,0,0,0,0,0,0,8,0,108
Anthony Birchak,100,0,0,0,70,0,100,38,0,108
Shannon Gugerty,0,180,0,0,0,0,75,2,0,107
Jordan Rinaldi,0,90,80,0,0,0,75,12,0,107
Matthew Lopez,100,0,80,0,0,0,100,27,0,107
Yoshiyuki Yoshida,0,180,0,0,0,0,75,2,0,107
Abus Magomedov,100,0,0,0,0,0,25,7,25,107
Marcelo Mello,100,0,0,0,0,0,0,7,0,107
Felipe Silva,100,0,0,0,0,0,50,56,0,106
Tainara Lisboa,0,90,0,0,0,0,0,16,0,106
Brian Johnston,200,0,0,0,0,0,100,6,0,106
Michinori Tanaka,0,0,80,0,70,0,75,30,0,105
Garrett Armfield,100,0,0,0,0,0,25,30,0,105
Dustin Kimura,0,180,0,0,0,0,75,0,0,105
Henrique da Silva,100,90,0,0,0,0,100,15,0,105
Artem Lobov,0,0,160,0,0,0,125,45,25,105
Hacran Dias,0,0,160,0,70,0,125,0,0,105
Ailin Perez,0,0,80,0,0,0,25,49,0,104
Brianna Fortino,0,0,80,0,0,0,25,49,0,104
Sam Hoger,0,90,80,0,0,0,75,9,0,104
Zhang Lipeng,0,0,80,0,70,0,50,4,0,104
Dalcha Lungiambula,100,0,80,0,0,0,125,48,0,103
Kyle Daukaus,0,90,80,0,0,0,100,33,0,103
Ikram Aliskerov,100,0,0,0,0,0,0,3,0,103
Nursulton Ruziboev,100,0,0,0,0,0,0,3,0,103
Luan Chagas,0,90,0,0,0,0,50,63,0,103
Waylon Lowe,0,0,80,0,70,0,50,3,0,103
Nick Maximov,0,0,80,0,70,0,50,3,0,103
Mike Brown,0,0,160,0,0,0,100,42,0,102
Nora Cornolle,0,0,80,0,0,0,0,22,0,102
Katsunori Kikuno,0,90,80,0,0,0,75,7,0,102
Logan Clark,0,0,80,0,0,0,0,22,0,102
Viktoriia Dudakova,100,0,0,0,0,0,0,1,0,101
Chelsea Chandler,100,0,0,0,0,0,25,26,0,101
James Head,0,90,0,0,70,0,75,16,0,101
Aliaskhab Khizriev,0,90,0,0,0,0,0,11,0,101
Katsuhisa Fujii,100,0,0,0,0,0,25,26,0,101
Muhammad Naimov,100,0,0,0,0,0,0,0,0,100
Jonathan Wiezorek,100,0,0,0,0,0,0,0,0,100
Daniel Sarafian,100,90,0,0,0,0,100,10,0,100
Sultan Aliev,0,0,80,0,70,0,50,0,0,100
Viviane Pereira,0,0,80,0,70,0,50,0,0,100
Melissa Gatto,100,0,0,0,0,0,50,49,0,99
Francisco Prado,100,0,0,0,0,0,25,24,0,99
Irina Alekseeva,0,90,0,0,0,0,0,9,0,99
Kimo Leopoldo,100,90,0,0,0,0,100,9,0,99
Yoshiki Takahashi,0,0,80,0,0,0,0,19,0,99
Malcolm Gordon,100,0,80,0,0,0,100,18,0,98
Maiquel Falcao,0,0,80,0,0,0,0,17,0,97
Ebenezer Fontes Braga,0,90,0,0,0,0,0,6,0,96
Ismael Bonfim,100,0,0,0,0,0,25,21,0,96
Jason High,0,90,80,0,0,0,75,1,0,96
Junior Tafa,100,0,0,0,0,0,25,21,0,96
Jai Herbert,100,0,80,0,0,0,100,15,0,95
Gokhan Saki,100,0,0,0,0,0,25,20,0,95
Rongzhu,100,0,0,0,0,0,50,45,0,95
John Maguire,0,90,80,0,0,0,75,0,0,95
Sanae Kikuta,0,90,0,0,0,0,0,4,0,94
Tom Watson,100,0,80,0,0,0,125,39,0,94
Yuki Kondo,100,0,0,0,0,0,50,19,25,94
Dmitry Sosnovskiy,0,90,0,0,0,0,0,4,0,94
Jessamyn Duke,0,0,80,0,0,0,75,89,0,94
Jamey-Lyn Horth,0,0,80,0,0,0,0,13,0,93
Frank Hamaker,0,90,0,0,0,0,0,2,0,92
Clayton Carpenter,0,90,0,0,0,0,0,2,0,92
Danielle Taylor,0,0,80,0,70,0,75,17,0,92
James McSweeney,100,0,0,0,0,0,50,42,0,92
Andre Winner,100,0,80,0,0,0,100,12,0,92
Wang Guan,0,0,0,0,70,0,0,22,0,92
Nazim Sadykhov,0,90,0,0,0,0,0,2,0,92
Zac Pauga,0,0,80,0,0,0,50,61,0,91
Kyle Watson,0,0,80,0,0,0,25,36,0,91
Dave Strasser,0,0,80,0,0,0,25,36,0,91
Takashi Sato,200,0,0,0,0,0,125,16,0,91
Bob Cook,0,90,0,0,0,0,0,0,0,90
Gadzhimurad Antigulov,0,180,0,0,0,0,100,10,0,90
Travis Lutter,100,90,0,0,0,0,100,0,0,90
Scott Bessac,0,90,0,0,0,0,0,0,0,90
Kevin Jousset,0,90,0,0,0,0,0,0,0,90
Kazushi Sakuraba,0,90,0,0,0,0,0,0,0,90
William Macario,0,0,80,0,0,0,75,85,0,90
Enson Inoue,0,90,0,0,0,0,0,0,0,90
Lee Murray,0,90,0,0,0,0,0,0,0,90
Scott Adams,0,90,0,0,0,0,0,0,0,90
Josh Parisian,100,0,0,0,70,0,100,19,0,89
Martin Bravo,100,0,0,0,0,0,75,64,0,89
Corey Hill,100,0,0,0,0,0,50,39,0,89
Thiago Perpetuo,100,0,0,0,0,0,50,39,0,89
Garreth McLellan,100,0,0,0,0,0,100,89,0,89
Yui Chul Nam,0,0,0,0,70,0,50,69,0,89
Bibulatov Magomed,0,0,80,0,0,0,50,59,0,89
Gil Castillo,0,0,80,0,0,0,50,9,50,89
Tereza Bleda,0,0,80,0,0,0,25,34,0,89
Nick Thompson,0,0,80,0,0,0,25,34,0,89
Laureano Staropoli,0,0,160,0,0,0,100,28,0,88
Nurullo Aliev,0,0,0,75,0,0,0,13,0,88
John Cholish,100,0,0,0,0,0,50,38,0,88
Cristian Quinonez,100,0,0,0,0,0,25,13,0,88
Yanal Ashmouz,100,0,0,0,0,0,25,13,0,88
Pete Rodriguez,100,0,0,0,0,0,25,12,0,87
Joshua Van,0,0,0,0,70,0,0,17,0,87
Naoki Inoue,0,0,80,0,0,0,25,32,0,87
Blake Bilder,0,0,80,0,0,0,25,31,0,86
Tyrone Roberts,0,0,80,0,0,0,0,6,0,86
David Heath,0,90,0,0,70,0,75,1,0,86
Brian Melancon,100,0,0,0,0,0,25,11,0,86
John Lewis,100,0,0,0,0,0,25,11,0,86
Geraldo de Freitas,0,0,80,0,0,0,50,55,0,85
Mark Hughes,0,0,80,0,0,0,0,5,0,85
Jason Witt,0,90,0,75,0,0,100,20,0,85
Paul Jones,0,90,0,0,0,0,25,20,0,85
Dwayne Cason,100,0,0,0,0,0,25,10,0,85
Troy Mandaloniz,100,0,0,0,0,0,25,10,0,85
Brad Kohler,100,0,0,0,0,0,25,9,0,84
Semmy Schilt,100,0,0,0,0,0,25,9,0,84
Junie Browning,0,90,0,0,0,0,25,19,0,84
Abu Azaitar,0,0,80,0,0,0,25,29,0,84
Shane Roller,100,0,80,0,0,0,100,4,0,84
Ben Earwood,0,0,80,0,0,0,0,3,0,83
Nick Denis,100,0,0,0,0,0,25,8,0,83
Emily Ducote,0,0,80,0,0,0,50,53,0,83
Mike Nickels,0,90,0,0,0,0,25,18,0,83
Andre Fialho,200,0,0,0,0,0,125,8,0,83
Jarjis Danho,100,0,0,0,0,0,25,8,0,83
Benji Radach,0,0,80,0,0,0,25,27,0,82
Sheldon Westcott,100,0,0,0,0,0,50,32,0,82
Sai Wang,0,0,80,0,0,0,25,27,0,82
Jutaro Nakao,100,0,0,0,0,0,25,7,0,82
Damian Stasiak,0,180,0,0,0,0,100,2,0,82
Sheymon Moraes,0,0,80,0,70,0,75,7,0,82
Jesse Taylor,0,90,0,0,0,0,25,17,0,82
Galore Bofando,100,0,0,0,0,0,25,7,0,82
Joe Slick,100,0,0,0,0,0,25,6,0,81
Orlando Wiet,100,0,0,0,0,0,25,6,0,81
Steve Erceg,0,0,80,0,0,0,0,1,0,81
Ricardo Abreu,0,90,0,0,0,0,25,16,0,81
Lance Gibson,100,0,0,0,0,0,25,6,0,81
Emily Whitmire,0,90,80,0,0,0,100,11,0,81
Hannah Cifers,0,0,80,0,70,0,125,56,0,81
Shamil Gamzatov,0,0,0,0,70,0,25,35,0,80
Travis Fulton,0,0,80,0,0,0,25,25,0,80
Fernando Padilla,100,0,0,0,0,0,25,5,0,80
Dan Christison,0,90,0,0,0,0,25,15,0,80
Christian Leroy Duncan,100,0,0,0,0,0,25,5,0,80
Charles Radtke,0,0,80,0,0,0,0,0,0,80
Montserrat Rendon,0,0,0,0,70,0,0,9,0,79
Mike de la Torre,100,0,0,0,70,0,100,9,0,79
Tamires Vidal,100,0,0,0,0,0,25,4,0,79
Yaotzin Meza,0,90,80,0,0,0,100,9,0,79
Preston Parsons,0,0,80,0,0,0,50,48,0,78
Chad Anheliger,100,0,0,0,0,0,25,3,0,78
Chris Wilson,0,0,80,0,0,0,75,73,0,78
Kevin Aguilar,0,0,160,0,0,0,100,18,0,78
Augusto Montano,100,0,0,0,0,0,50,27,0,77
Josh Quinlan,100,0,0,0,0,0,25,2,0,77
Mitch Clarke,0,90,80,0,0,0,125,32,0,77
Branden Lee Hinkle,100,0,0,0,0,0,50,27,0,77
Damien Brown,100,0,0,0,70,0,100,7,0,77
Gina Mazany,100,0,80,0,0,0,150,47,0,77
Kleydson Rodrigues,100,0,0,0,0,0,50,26,0,76
Kazula Vargas,0,0,80,0,0,0,75,71,0,76
Sasha Palatnikov,100,0,0,0,0,0,50,26,0,76
Brunno Ferreira,100,0,0,0,0,0,25,1,0,76
Jesus Aguilar,100,0,0,0,0,0,25,1,0,76
Jason Day,100,0,0,0,0,0,50,26,0,76
Jose Torres,100,0,0,0,0,0,25,0,0,75
Rob Broughton,0,90,0,0,0,0,50,35,0,75
Andrei Semenov,100,0,0,0,0,0,25,0,0,75
Falaniko Vitale,100,0,0,0,0,0,25,0,0,75
Andre Roberts,100,0,0,0,0,0,25,0,0,75
War Machine,100,0,0,0,0,0,25,0,0,75
Tedd Williams,100,0,0,0,0,0,25,0,0,75
Akira Corassani,0,0,80,0,70,0,75,0,0,75
Juliana Miller,100,0,0,0,0,0,50,24,0,74
Keith Rockel,0,90,0,0,0,0,25,9,0,74
Greg Soto,0,0,80,0,0,0,50,44,0,74
Andrew Holbrook,0,0,0,0,140,0,75,8,0,73
Mark Godbeer,0,0,80,0,0,0,50,43,0,73
Bec Rawlings,0,90,80,0,0,0,125,27,0,72
Aleksa Camur,0,0,80,0,0,0,75,67,0,72
Mackens Semerzier,0,90,0,0,0,0,25,7,0,72
Tony Sims,100,0,0,0,0,0,50,22,0,72
Matt Sayles,0,90,0,0,0,0,75,57,0,72
Claudio Ribeiro,100,0,0,0,0,0,50,22,0,72
JeongYeong Lee,0,0,0,0,70,0,0,1,0,71
Justin Lawrence,100,0,0,0,0,0,50,21,0,71
Rameau Thierry Sokoudjou,100,0,0,0,0,0,50,20,0,70
Azat Maksum,0,0,0,0,70,0,0,0,0,70
Sedriques Dumas,0,0,80,0,0,0,25,14,0,69
Adam Milstead,100,0,0,0,0,0,50,19,0,69
Jafel Filho,0,90,0,0,0,0,25,3,0,68
Evan Elder,0,0,80,0,0,0,50,38,0,68
Dan Bobish,0,90,0,0,0,0,25,3,0,68
Spike Carlyle,100,0,0,0,0,0,50,18,0,68
Brandon Davis,0,90,80,0,0,0,175,73,0,68
Buddy Roberts,0,0,80,0,0,0,25,13,0,68
Todd Medina,0,90,0,0,0,0,25,3,0,68
Wesley Correira,100,0,0,0,0,0,50,18,0,68
Mike Massenzio,0,90,80,0,0,0,125,22,0,67
Eduardo Garagorri,0,0,80,0,0,0,50,37,0,67
Gabriel Miranda,0,90,0,0,0,0,25,1,0,66
Pete Sell,0,90,80,0,0,0,125,21,0,66
Scott Morris,0,90,0,0,0,0,25,1,0,66
Jake Hecht,100,0,0,0,0,0,50,16,0,66
Steven Graham,0,90,0,0,0,0,25,0,0,65
Mario Miranda,100,0,0,0,0,0,75,40,0,65
Levan Makashvili,0,0,0,0,70,0,25,20,0,65
Nate Loughran,0,90,0,0,0,0,25,0,0,65
Ben Askren,0,90,0,0,0,0,50,0,25,65
Mike Ciesnolevicz,0,90,0,0,0,0,25,0,0,65
Roman Mitichyan,0,90,0,0,0,0,25,0,0,65
Anthony Torres,0,90,0,0,0,0,25,0,0,65
Aaron Rosa,0,0,0,75,0,0,50,40,0,65
Diego Lopes,0,90,0,0,0,0,25,0,0,65
Stanislav Nedkov,100,0,0,0,0,0,50,14,0,64
Joe Moreira,0,0,80,0,0,0,25,9,0,64
Saparbeg Safarov,0,0,80,0,0,0,75,59,0,64
Eric Spicely,0,180,0,0,0,0,125,8,0,63
Andre Soukhamthath,100,0,80,0,0,0,125,8,0,63
Francisco Trevino,0,0,80,0,0,0,50,33,0,63
Ben Alloway,100,0,0,0,0,0,50,13,0,63
Mark Weir,100,0,0,0,0,0,50,13,0,63
Reginaldo Vieira,0,0,80,0,0,0,50,33,0,63
Marcel Fortuna,100,0,0,0,0,0,50,12,0,62
Tristan Connelly,0,0,80,0,0,0,50,32,0,62
Felipe Colares,0,0,80,0,70,0,100,12,0,62
Adam Fugitt,100,0,0,0,0,0,50,11,0,61
Robert McDaniel,0,90,0,0,0,0,50,21,0,61
Leah Letson,0,0,0,0,70,0,25,16,0,61
Marcos Vinicius,100,0,0,0,0,0,50,11,0,61
Jeff Hougland,0,0,80,0,0,0,50,30,0,60
Cal Worsham,100,0,0,0,0,0,50,10,0,60
Reuben Duran,0,90,0,0,0,0,75,44,0,59
Leonardo Mafra,0,0,80,0,0,0,75,54,0,59
Issei Tamura,100,0,0,0,0,0,50,9,0,59
Harold Howard,100,0,0,0,0,0,50,9,0,59
Nikolas Motta,100,0,0,0,0,0,50,9,0,59
John Gunderson,0,0,80,0,0,0,50,29,0,59
Julija Stoliarenko,0,180,0,0,0,0,125,3,0,58
Themba Gorimbo,0,0,80,0,0,0,25,3,0,58
Joseph Morales,0,90,0,0,0,0,50,18,0,58
Jesus Pinedo,0,0,80,0,0,0,25,2,0,57
Bruna Brasil,0,0,80,0,0,0,25,2,0,57
Mike Guymon,0,0,80,0,0,0,75,52,0,57
Ron Stallings,0,0,80,0,0,0,50,27,0,57
Markus Perez,0,180,0,0,0,0,125,2,0,57
Anton Kuivanen,0,0,0,0,70,0,50,36,0,56
Christian Aguilera,100,0,0,0,0,0,50,6,0,56
Jamie Moyle,0,0,80,0,0,0,50,26,0,56
Jamal Pogues,0,0,80,0,0,0,25,0,0,55
Alex Karalexis,100,0,0,0,0,0,50,5,0,55
Loik Radzhabov,0,0,80,0,0,0,25,0,0,55
Valmir Lazaro,0,0,0,0,70,0,50,35,0,55
Ryan Jensen,0,180,0,0,0,0,150,25,0,55
Matt Hobar,0,0,80,0,0,0,50,25,0,55
Kanako Murata,0,0,80,0,0,0,25,0,0,55
Sirwan Kakai,0,0,80,0,0,0,25,0,0,55
Kevin Ferguson,0,0,80,0,0,0,25,0,0,55
Denis Kang,0,0,80,0,0,0,50,25,0,55
Patrick Walsh,0,0,80,0,0,0,25,0,0,55
Rolando Delgado,0,90,0,0,0,0,50,14,0,54
David Bielkheden,0,0,80,0,0,0,50,24,0,54
Ihor Potieria,100,0,0,0,0,0,50,4,0,54
Christian Morecraft,0,90,0,0,0,0,75,39,0,54
Cole Smith,0,0,80,0,0,0,50,23,0,53
Mara Romero Borella,0,90,0,0,70,0,125,18,0,53
Ian Loveland,0,0,80,0,0,0,50,23,0,53
Dan Cramer,0,0,0,0,70,0,25,8,0,53
Mark De La Rosa,0,90,0,0,70,0,125,17,0,52
Justin Edwards,0,90,80,0,0,0,125,7,0,52
Erick Montano,0,0,0,0,70,0,50,31,0,51
Nathan Coy,0,0,80,0,0,0,50,21,0,51
Simeon Thoresen,0,90,0,0,0,0,50,11,0,51
John Gunther,0,0,0,75,0,0,25,0,0,50
Matt Veach,100,0,0,0,0,0,50,0,0,50
Jason Von Flue,0,90,0,0,0,0,50,10,0,50
Justin Eilers,100,0,0,0,0,0,75,0,25,50
Rory Markham,100,0,0,0,0,0,50,0,0,50
Maheshate,100,0,0,0,0,0,50,0,0,50
John Salter,100,0,0,0,0,0,50,0,0,50
Daichi Abe,0,0,80,0,0,0,50,20,0,50
Joachim Christensen,100,0,0,0,0,0,75,25,0,50
Dale Hartt,100,0,0,0,0,0,50,0,0,50
Francis Marshall,100,0,0,0,0,0,50,0,0,50
Nate Mohr,0,0,80,0,0,0,75,44,0,49
Jake Rosholt,0,90,0,0,0,0,50,9,0,49
Renee Forte,0,0,80,0,0,0,75,44,0,49
Cody Donovan,100,0,0,0,0,0,75,24,0,49
Chris Cope,0,0,80,0,0,0,50,19,0,49
Gustavo Lopez,0,90,0,0,0,0,50,9,0,49
Yoshihiro Akiyama,0,0,80,0,70,0,125,24,0,49
Trey Ogden,0,0,80,0,0,0,50,19,0,49
Austin Arnett,0,0,80,0,0,0,75,44,0,49
Bart Palaszewski,100,0,0,0,0,0,75,24,0,49
Masanori Kanehara,0,0,80,0,0,0,50,18,0,48
Per Eklund,0,90,0,0,0,0,50,8,0,48
Marcelo Golm,0,90,0,0,0,0,75,33,0,48
Renato Verissimo,0,0,80,0,0,0,50,18,0,48
Alex Nicholson,100,0,0,0,0,0,75,23,0,48
Walel Watson,100,0,0,0,0,0,75,23,0,48
Will Brooks,0,0,80,0,0,0,75,42,0,47
Luke Zachrich,0,0,80,0,0,0,50,17,0,47
Rob MacDonald,0,90,0,0,0,0,50,7,0,47
Mark Eddiva,0,0,80,0,0,0,75,42,0,47
Zarrukh Adashev,0,0,80,0,0,0,75,41,0,46
Frankie Perez,100,0,0,0,0,0,75,21,0,46
Alvin Robinson,0,0,80,0,0,0,75,41,0,46
Willie Gates,100,0,0,0,0,0,75,21,0,46
Joe Ellenberger,0,0,0,0,70,0,25,0,0,45
Eddie Yagin,0,0,0,0,70,0,25,0,0,45
Glaico Franca Moreira,0,90,0,0,0,0,50,5,0,45
AJ Dobson,0,0,80,0,0,0,50,14,0,44
Shamar Bailey,0,0,80,0,0,0,50,14,0,44
Vik Grujic,100,0,0,0,0,0,75,18,0,43
Matt Arroyo,0,90,0,0,0,0,50,3,0,43
Jason DeLucia,0,90,0,0,0,0,50,3,0,43
Pawel Pawlak,0,0,80,0,0,0,50,13,0,43
Mike Ricci,0,0,80,0,0,0,50,13,0,43
Bevon Lewis,0,0,80,0,0,0,75,38,0,43
Cody Gibson,100,0,0,0,0,0,100,42,0,42
Eddie Gordon,100,0,0,0,0,0,75,17,0,42
Nick Pace,0,90,0,0,0,0,50,2,0,42
Robert Sanchez,0,90,0,0,0,0,50,1,0,41
Antonio Braga Neto,0,90,0,0,0,0,50,1,0,41
Niklas Backstrom,0,90,0,0,0,0,50,1,0,41
Darko Stosic,100,0,0,0,0,0,75,15,0,40
Kron Gracie,0,90,0,0,0,0,50,0,0,40
Tresean Gore,0,90,0,0,0,0,50,0,0,40
Charles Byrd,0,90,0,0,0,0,75,25,0,40
Mandy Bohm,0,0,0,0,70,0,50,20,0,40
Charles McCarthy,0,90,0,0,0,0,50,0,0,40
Carlos Eduardo Rocha,0,90,0,0,0,0,50,0,0,40
Akihiro Gono,0,90,0,0,0,0,50,0,0,40
Ricardo Romero,0,90,0,0,0,0,50,0,0,40
Ian Entwistle,0,90,0,0,0,0,50,0,0,40
Hector Urbina,0,90,0,0,0,0,50,0,0,40
Jimmy Flick,0,90,0,0,0,0,50,0,0,40
Steve Bruno,0,90,0,0,0,0,50,0,0,40
Guram Kutateladze,0,0,0,0,70,0,50,20,0,40
Gilbert Melendez,0,0,80,0,0,0,150,60,50,40
Sean McCorkle,0,90,0,0,0,0,50,0,0,40
Josh Stansbury,0,0,0,75,0,0,50,14,0,39
Mason Jones,0,0,80,0,0,0,50,9,0,39
Shane Campbell,0,0,80,0,0,0,100,59,0,39
Clay Collard,0,0,80,0,0,0,75,34,0,39
Clifford Starks,0,0,80,0,0,0,50,8,0,38
Emil Meek,0,0,80,0,0,0,75,33,0,38
Kamuela Kirk,0,0,80,0,0,0,50,8,0,38
Silvana Gomez Juarez,100,0,0,0,0,0,75,13,0,38
Denis Tiuliulin,100,0,0,0,0,0,75,13,0,38
Klidson Abreu,0,0,80,0,0,0,50,8,0,38
Jeremy Kimball,100,0,0,0,0,0,75,13,0,38
Mickael Lebout,0,0,80,0,0,0,50,8,0,38
Nadia Kassem,0,0,80,0,0,0,50,7,0,37
Alexander Munoz,0,0,80,0,0,0,50,7,0,37
Marcus LeVesseur,0,0,0,0,70,0,50,17,0,37
Devin Powell,100,0,0,0,0,0,75,11,0,36
Mizuto Hirota,0,0,80,0,0,0,125,81,0,36
Luigi Vendramini,100,0,0,0,0,0,75,11,0,36
Mike Grundy,100,0,0,0,0,0,75,11,0,36
Danny Chavez,0,0,80,0,0,0,50,6,0,36
Chris de la Rocha,100,0,0,0,0,0,75,10,0,35
Syuri Kondo,0,0,0,0,70,0,75,40,0,35
Jinh Yu Frey,0,0,160,0,0,0,125,0,0,35
Raphael Pessoa,0,0,80,0,0,0,50,5,0,35
Jerrod Sanders,0,0,80,0,0,0,50,5,0,35
Clay Harvison,0,0,0,0,70,0,50,15,0,35
Roger Narvaez,0,0,0,0,70,0,50,14,0,34
Hans Stringer,0,0,0,0,70,0,50,13,0,33
Joseph Holmes,0,90,0,0,0,0,75,18,0,33
Michael Kuiper,100,0,0,0,0,0,75,7,0,32
Rafaello Oliveira,0,0,160,0,0,0,150,22,0,32
Shinsho Anzai,0,0,80,0,0,0,50,2,0,32
Jenel Lausa,0,0,80,0,0,0,75,27,0,32
Elizabeth Phillips,0,0,80,0,0,0,75,27,0,32
Jamie Pickett,0,0,160,0,0,0,150,22,0,32
David Michaud,0,0,80,0,0,0,50,2,0,32
Kurt Holobaugh,0,90,0,0,0,0,100,41,0,31
Kai Kamaka,0,0,80,0,0,0,50,0,0,30
Orion Cosce,0,0,80,0,0,0,50,0,0,30
Curt Warburton,0,0,80,0,0,0,50,0,0,30
Daniel Spitz,100,0,0,0,0,0,75,5,0,30
Lara Procopio,0,0,80,0,0,0,50,0,0,30
Kay Hansen,0,90,0,0,0,0,75,15,0,30
Heather Clark,0,0,80,0,0,0,50,0,0,30
Montserrat Conejo Ruiz,0,0,80,0,0,0,50,0,0,30
Matt Dwyer,100,0,0,0,0,0,75,5,0,30
Mads Burnell,0,0,80,0,0,0,50,0,0,30
Callan Potter,0,0,80,0,0,0,50,0,0,30
Jonathan Wilson,100,0,0,0,0,0,75,4,0,29
Kyle Bradley,100,0,0,0,0,0,75,4,0,29
Humberto Bandenay,100,0,0,0,0,0,75,4,0,29
Dominique Steele,100,0,0,0,0,0,100,29,0,29
Carlo Pedersoli Jr.,0,0,0,0,70,0,50,9,0,29
Tucker Lutz,0,0,80,0,0,0,75,23,0,28
Talita Bernardo,0,0,80,0,0,0,75,23,0,28
Mark Hall,100,0,0,0,0,0,75,2,0,27
Alvaro Herrera Mendoza,100,0,0,0,0,0,75,2,0,27
Maria Oliveira,0,0,0,0,70,0,75,32,0,27
Jessica Aguilar,0,0,80,0,0,0,100,47,0,27
Dave Herman,100,0,0,0,0,0,100,26,0,26
Kevin Casey,0,0,80,0,0,0,75,21,0,26
Shanna Young,100,0,0,0,0,0,75,1,0,26
Josh Sampo,0,90,0,0,0,0,75,10,0,25
Isaac Vallie-Flagg,0,0,0,0,70,0,75,30,0,25
Kyle Bochniak,0,0,80,0,70,0,125,0,0,25
Yorgan De Castro,100,0,0,0,0,0,75,0,0,25
Scott Smith,100,0,0,0,0,0,75,0,0,25
Marcin Held,0,0,80,0,0,0,75,20,0,25
Masio Fullen,0,0,0,0,70,0,50,5,0,25
Goran Reljic,100,0,0,0,0,0,75,0,0,25
Geane Herrera,100,0,0,0,0,0,75,0,0,25
John Albert,100,0,0,0,0,0,100,24,0,24
Jason Gonzalez,0,90,0,0,0,0,75,9,0,24
Kuniyoshi Hironaka,0,0,80,0,0,0,75,19,0,24
Jon Delos Reyes,0,90,0,0,0,0,75,8,0,23
Akbarh Arreola,0,90,0,0,0,0,75,7,0,22
Ernest Chavez,0,0,0,0,70,0,50,2,0,22
Chris Fishgold,0,90,0,0,0,0,75,7,0,22
Gloria de Paula,0,0,80,0,0,0,75,17,0,22
Augusto Mendes,0,0,0,0,70,0,50,2,0,22
Teemu Packalen,0,90,0,0,0,0,75,6,0,21
Richie Vaculik,0,0,80,0,0,0,75,16,0,21
Zhang Tiequan,0,90,0,0,0,0,75,6,0,21
Milana Dudieva,0,0,0,0,70,0,50,0,0,20
Yohan Lainesse,0,0,0,0,70,0,50,0,0,20
Seo Hee Ham,0,0,80,0,0,0,75,15,0,20
Jim Alers,0,0,0,0,70,0,50,0,0,20
Henry Martinez,0,0,0,0,70,0,50,0,0,20
Jason Young,0,0,80,0,0,0,75,15,0,20
Patrick Williams,0,90,0,0,0,0,75,5,0,20
Bruno Santos,0,0,0,0,70,0,50,0,0,20
Irwin Rivera,0,0,0,0,70,0,50,0,0,20
Danny Martinez,0,0,80,0,0,0,75,14,0,19
Tor Troeng,0,90,0,0,0,0,75,4,0,19
Jessin Ayari,0,0,0,0,70,0,75,23,0,18
Mallory Martin,0,90,0,0,0,0,75,3,0,18
Miranda Granger,0,0,80,0,0,0,75,13,0,18
Vagner Rocha,0,90,0,0,0,0,75,3,0,18
Rafael Alves,0,90,0,0,0,0,75,3,0,18
Vanessa Melo,0,0,80,0,0,0,75,12,0,17
Anderson Dos Santos,0,90,0,0,0,0,75,2,0,17
Rachael Ostovich,0,90,0,0,0,0,75,1,0,16
AJ Fletcher,0,90,0,0,0,0,75,1,0,16
Mike Rio,0,90,0,0,0,0,75,0,0,15
Louis Gaudinot,0,90,0,0,0,0,75,0,0,15
Liana Jojua,0,90,0,0,0,0,75,0,0,15
Jason Dent,0,90,0,0,0,0,75,0,0,15
Rolando Dy,0,0,80,0,0,0,75,9,0,14
Andreas Michailidis,0,0,80,0,0,0,75,8,0,13
Justin Jaynes,100,0,0,0,0,0,100,12,0,12
Oluwale Bamgbose,100,0,0,0,0,0,100,12,0,12
Rashad Coulter,0,0,80,0,0,0,75,6,0,11
Colton Smith,0,0,80,0,0,0,75,6,0,11
Brendan O'Reilly,0,0,80,0,0,0,75,4,0,9
Phil Harris,0,0,80,0,0,0,75,3,0,8
Joe Doerksen,0,180,0,0,0,0,175,2,0,7
Allan Zuniga,0,0,0,0,0,0,25,32,0,7
Mark Schultz,0,0,0,0,0,0,0,7,0,7
Alex Da Silva,0,0,80,0,0,0,75,2,0,7
Jared Gooden,100,0,0,0,0,0,100,7,0,7
Rafael Cavalcante,100,0,0,0,0,0,100,7,0,7
Rolando Bedoya,0,0,0,0,0,0,50,56,0,6
Jordan Wright,100,0,0,0,0,0,125,31,0,6
Jordan Griffin,0,90,0,0,0,0,100,16,0,6
Maki Pitolo,100,0,0,0,0,0,125,30,0,5
Cody Pfister,0,0,80,0,0,0,75,0,0,5
Papy Abedi,0,0,0,0,70,0,75,10,0,5
Victoria Leonardo,0,0,80,0,0,0,75,0,0,5
Khalid Taha,100,0,0,0,0,0,100,5,0,5
Gasan Umalatov,0,0,80,0,0,0,75,0,0,5
Lauren Mueller,0,0,80,0,0,0,75,0,0,5
Kazuki Tokudome,0,0,80,0,0,0,75,0,0,5
Yao Zhikui,0,0,0,0,70,0,75,9,0,4
Felipe Olivieri,0,0,0,0,0,0,25,27,0,2
Chris Dempsey,0,0,0,0,70,0,75,7,0,2
Trevin Jones,100,0,0,0,0,0,100,2,0,2
Mike King,0,0,0,0,0,0,25,27,0,2
Junior Albini,100,0,0,0,0,0,100,2,0,2
Daniel Teymur,0,0,80,0,0,0,100,22,0,2
Cristiano Marcello,0,0,0,0,70,0,75,6,0,1
Sione Latu,0,0,0,0,0,0,0,0,0,0
Rogerio Bontorin,0,0,0,0,70,0,75,5,0,0
Andre Pederneiras,0,0,0,0,0,0,25,0,25,0
Journey Newson,0,0,80,0,0,0,100,20,0,0
Ikuhisa Minowa,0,0,0,0,0,0,0,0,0,0
Tim Hague,0,90,0,0,0,0,100,10,0,0
Chris Tuchscherer,0,0,0,75,0,0,75,0,0,0
Hayato Sakurai,0,0,0,0,0,0,25,0,25,0
Ryo Chonan,0,0,0,0,70,0,75,5,0,0
Dustin Stoltzfus,0,0,80,0,0,0,100,19,0,-1
Tom Niinimaki,0,0,0,0,70,0,75,4,0,-1
Viktor Pesta,0,0,80,0,0,0,100,18,0,-2
Duda Santana,0,0,0,0,0,0,25,23,0,-2
Vinny Magalhaes,0,90,0,0,0,0,100,7,0,-3
Tra Telligman,0,90,0,0,0,0,100,7,0,-3
Steve Steinbeiss,0,0,0,0,0,0,50,47,0,-3
Muin Gafurov,0,0,0,0,0,0,25,21,0,-4
Wu Yanan,0,90,0,0,0,0,125,31,0,-4
Brendan Loughnane,0,0,0,0,0,0,25,21,0,-4
Carmelo Marrero,0,0,0,0,70,0,75,0,0,-5
David Mitchell,0,0,80,0,0,0,100,15,0,-5
Darrell Horcher,0,0,0,0,70,0,75,0,0,-5
Alptekin Ozkilic,0,0,0,0,70,0,75,0,0,-5
Fabricio Camoes,0,90,0,0,0,0,100,5,0,-5
Hannah Goldy,0,90,0,0,0,0,100,5,0,-5
Thibault Gouti,100,0,0,0,0,0,125,19,0,-6
Dean Barry,0,0,0,0,0,0,25,18,0,-7
Nolan Ticman,0,0,0,0,0,0,50,43,0,-7
Dave Galera,0,0,0,0,0,0,25,17,0,-8
Jared Vanderaa,0,0,80,0,0,0,150,60,0,-10
David Zawada,0,90,0,0,0,0,100,0,0,-10
Alex Chambers,0,90,0,0,0,0,100,0,0,-10
Justin Buchholz,0,90,0,0,0,0,100,0,0,-10
Antonio McKee,0,0,0,0,0,0,25,15,0,-10
Henry Briones,0,90,0,0,0,0,100,0,0,-10
Marvin Eastman,0,0,80,0,0,0,100,9,0,-11
Joby Sanchez,0,0,0,0,70,0,100,18,0,-12
Daniel Spohn,0,0,0,0,0,0,25,13,0,-12
Tyler Diamond,0,0,0,0,0,0,25,13,0,-12
Joe Merritt,0,0,0,0,0,0,25,12,0,-13
Albert Morales,0,0,0,0,70,0,100,17,0,-13
Maciej Jewtuszko,0,0,0,0,0,0,25,12,0,-13
Scott Junk,0,0,0,0,0,0,25,11,0,-14
Jared Rollins,0,0,0,0,0,0,25,11,0,-14
Wade Shipp,0,0,0,0,0,0,25,10,0,-15
Cameron Dollar,0,0,0,0,0,0,25,10,0,-15
Jorge Santiago,100,0,0,0,0,0,125,10,0,-15
Kiefer Crosbie,0,0,0,0,0,0,25,10,0,-15
Leonard Garcia,0,90,0,0,70,0,175,0,0,-15
Yoislandy Izquierdo,0,0,0,0,0,0,50,35,0,-15
Steve Nelmark,0,0,0,0,0,0,25,9,0,-16
Joshua Weems,0,0,0,0,0,0,25,9,0,-16
Nazareno Malegarie,0,0,0,0,0,0,25,9,0,-16
Matt Van Buren,0,0,0,0,0,0,50,34,0,-16
Alan Omer,0,0,0,0,0,0,50,34,0,-16
Anying Wang,0,0,0,0,0,0,25,8,0,-17
Willamy Freire,0,0,0,0,0,0,25,8,0,-17
Joey Roberts,0,0,0,0,0,0,25,8,0,-17
Melissa Martinez,0,0,0,0,0,0,25,7,0,-18
Johnny Rees,0,0,0,0,0,0,50,32,0,-18
Derrick Noble,0,0,0,0,0,0,25,7,0,-18
Nandor Guelmino,0,0,0,0,0,0,25,7,0,-18
Kelly Faszholz,0,0,0,0,0,0,50,31,0,-19
Kailin Curran,0,90,0,0,0,0,150,41,0,-19
Nissen Osterneck,0,0,0,0,0,0,25,6,0,-19
Alex Andrade,0,0,0,0,0,0,25,6,0,-19
Danillo Villefort,0,0,0,0,0,0,25,6,0,-19
Andy Ogle,0,0,80,0,0,0,125,25,0,-20
Allan Goes,0,0,0,0,0,0,25,5,0,-20
Jamie Yager,0,0,0,0,0,0,25,5,0,-20
Roger Zapata,0,0,0,0,0,0,25,5,0,-20
Christina Marks,0,0,0,0,0,0,25,4,0,-21
John Phillips,100,0,0,0,0,0,125,4,0,-21
Jeff Joslin,0,0,0,0,0,0,25,4,0,-21
Brandon Melendez,0,0,0,0,0,0,25,2,0,-23
Richard Crunkilton,0,0,0,0,0,0,25,2,0,-23
Rodolfo Rubio Perez,0,0,0,0,0,0,25,2,0,-23
Lukasz Brzeski,0,0,0,0,0,0,75,52,0,-23
Yuki Sasaki,0,0,0,0,0,0,25,2,0,-23
Ernie Verdicia,0,0,0,0,0,0,25,2,0,-23
Azunna Anyanwu,0,0,0,0,0,0,25,1,0,-24
Tom Blackledge,0,0,0,0,0,0,25,1,0,-24
Harry Moskowitz,0,0,0,0,0,0,25,1,0,-24
Caros Fodor,0,0,0,0,0,0,25,1,0,-24
Liliya Shakirova,0,0,0,0,0,0,25,1,0,-24
Scott Fiedler,0,0,0,0,0,0,25,1,0,-24
Ariel Beck,0,0,0,0,0,0,25,1,0,-24
Dmitri Stepanov,0,0,0,0,0,0,25,1,0,-24
Paul Georgieff,0,0,0,0,0,0,25,1,0,-24
Marcus Bossett,0,0,0,0,0,0,25,1,0,-24
Paul Rodriguez,0,0,0,0,0,0,25,1,0,-24
David Hood,0,0,0,0,0,0,25,1,0,-24
Joao Roque,0,0,0,0,0,0,25,1,0,-24
Minoki Ichihara,0,0,0,0,0,0,25,1,0,-24
Jesse Sanders,0,0,0,0,0,0,25,0,0,-25
Darrill Schoonover,0,0,0,0,0,0,25,0,0,-25
Felix Lee Mitchell,0,0,0,0,0,0,25,0,0,-25
Sam Fulton,0,0,0,0,0,0,25,0,0,-25
Josh Hendricks,0,0,0,0,0,0,25,0,0,-25
Yuri Vaulin,0,0,0,0,0,0,25,0,0,-25
Donnie Chappell,0,0,0,0,0,0,25,0,0,-25
Tony Halme,0,0,0,0,0,0,25,0,0,-25
Justin Wren,0,0,0,0,0,0,25,0,0,-25
Marcus Jones,0,0,0,0,0,0,25,0,0,-25
Jason Fairn,0,0,0,0,0,0,25,0,0,-25
Ron van Clief,0,0,0,0,0,0,25,0,0,-25
John Polakowski,0,0,0,0,0,0,25,0,0,-25
Shane Primm,0,0,0,0,0,0,25,0,0,-25
Joe Son,0,0,0,0,0,0,25,0,0,-25
Jules Bruchez,0,0,0,0,0,0,25,0,0,-25
Melton Bowen,0,0,0,0,0,0,25,0,0,-25
Todd Butler,0,0,0,0,0,0,25,0,0,-25
Neil Wain,0,0,0,0,0,0,25,0,0,-25
Andy Anderson,0,0,0,0,0,0,25,0,0,-25
Emmanuel Yarborough,0,0,0,0,0,0,25,0,0,-25
Sean Daugherty,0,0,0,0,0,0,25,0,0,-25
Dante Rivera,0,0,0,0,0,0,25,0,0,-25
David Levicki,0,0,0,0,0,0,25,0,0,-25
James Giboo,0,0,0,0,0,0,25,0,0,-25
Thaddeus Luster,0,0,0,0,0,0,25,0,0,-25
Greg Stott,0,0,0,0,0,0,25,0,0,-25
Cale Yarbrough,0,0,0,0,0,0,25,0,0,-25
Robert Lucarelli,0,0,0,0,0,0,25,0,0,-25
Houston Dorr,0,0,0,0,0,0,25,0,0,-25
Alberta Cerra Leon,0,0,0,0,0,0,25,0,0,-25
Scott Baker,0,0,0,0,0,0,25,0,0,-25
Carlos Barreto,0,0,0,0,0,0,25,0,0,-25
Michal Figlak,0,0,0,0,0,0,25,0,0,-25
David Baron,0,0,0,0,0,0,25,0,0,-25
Fred Ettish,0,0,0,0,0,0,25,0,0,-25
Rolles Gracie,0,0,0,0,0,0,25,0,0,-25
Roland Payne,0,0,0,0,0,0,25,0,0,-25
Asbel Cancio,0,0,0,0,0,0,25,0,0,-25
Mike Wessel,0,0,0,0,0,0,25,0,0,-25
Thomas Ramirez,0,0,0,0,0,0,25,0,0,-25
Frank Lester,0,0,0,0,0,0,25,0,0,-25
Dieusel Berto,0,0,0,0,0,0,25,0,0,-25
Neil Grove,0,0,0,0,0,0,25,0,0,-25
Rudyard Moncayo,0,0,0,0,0,0,25,0,0,-25
Brian Cobb,0,0,0,0,0,0,25,0,0,-25
John Matua,0,0,0,0,0,0,25,0,0,-25
Koji Kitao,0,0,0,0,0,0,25,0,0,-25
Gerry Harris,0,0,0,0,0,0,25,0,0,-25
Tai Bowden,0,0,0,0,0,0,25,0,0,-25
Zane Frazier,0,0,0,0,0,0,25,0,0,-25
Yanis Ghemmouri,0,0,0,0,0,0,25,0,0,-25
Ryan Madigan,0,0,0,0,0,0,25,0,0,-25
Austen Lane,0,0,0,0,0,0,25,0,0,-25
Ryan Parker,0,0,0,0,0,0,25,0,0,-25
Landon Quinones,0,0,0,0,0,0,25,0,0,-25
Paul Herrera,0,0,0,0,0,0,25,0,0,-25
Manolo Zecchini,0,0,0,0,0,0,25,0,0,-25
Tim McKenzie,0,0,0,0,0,0,25,0,0,-25
Bogdan Guskov,0,0,0,0,0,0,25,0,0,-25
Askar Mozharov,0,0,0,0,0,0,25,0,0,-25
Saeed Hosseini,0,0,0,0,0,0,25,0,0,-25
Ike Villanueva,100,0,0,0,0,0,125,0,0,-25
Wes Albritton,0,0,0,0,0,0,25,0,0,-25
Ivan Serati,0,0,0,0,0,0,25,0,0,-25
Nick Sanzo,0,0,0,0,0,0,25,0,0,-25
Jim Mullen,0,0,0,0,0,0,25,0,0,-25
Alexandre Barros,0,0,0,0,0,0,25,0,0,-25
Tom Egan,0,0,0,0,0,0,25,0,0,-25
Rainy Martinez,0,0,0,0,0,0,25,0,0,-25
Marnic Mann,0,0,0,0,0,0,25,0,0,-25
Wallid Ismail,0,0,0,0,0,0,25,0,0,-25
John Dowdy,0,0,0,0,0,0,25,0,0,-25
Caolan Loughran,0,0,0,0,0,0,25,0,0,-25
Fabio Gurgel,0,0,0,0,0,0,25,0,0,-25
Reza Nasri,0,0,0,0,0,0,25,0,0,-25
Julian Sanchez,0,0,0,0,0,0,25,0,0,-25
Felipe dos Santos,0,0,0,0,0,0,25,0,0,-25
John Campetella,0,0,0,0,0,0,25,0,0,-25
Derek Downey,0,0,0,0,0,0,25,0,0,-25
Matt Andersen,0,0,0,0,0,0,25,0,0,-25
Leigh Remedios,0,0,0,0,0,0,25,0,0,-25
Marcus Silveira,0,0,0,0,0,0,25,0,0,-25
Val Woodburn,0,0,0,0,0,0,25,0,0,-25
Vernon White,0,0,0,0,0,0,25,0,0,-25
Nate Schroeder,0,0,0,0,0,0,25,0,0,-25
Victor Martinez,0,0,0,0,0,0,25,0,0,-25
Adrian Serrano,0,0,0,0,0,0,25,0,0,-25
Edgar Chairez,0,0,0,0,0,0,25,0,0,-25
Josh Rafferty,0,0,0,0,0,0,25,0,0,-25
Alex Schoenauer,0,0,0,0,0,0,25,0,0,-25
Lodune Sincaid,0,0,0,0,0,0,25,0,0,-25
Chris Sanford,0,0,0,0,0,0,25,0,0,-25
Jason Thacker,0,0,0,0,0,0,25,0,0,-25
Bobby Southworth,0,0,0,0,0,0,25,0,0,-25
John Marsh,0,0,0,0,0,0,25,0,0,-25
Bill Mahood,0,0,0,0,0,0,25,0,0,-25
Khusein Askhabov,0,0,0,0,0,0,25,0,0,-25
Satoshi Honma,0,0,0,0,0,0,25,0,0,-25
Jermaine Andre,0,0,0,0,0,0,25,0,0,-25
Brian Gassaway,0,0,0,0,0,0,25,0,0,-25
Keigo Kunihara,0,0,0,0,0,0,25,0,0,-25
David Velasquez,0,0,0,0,0,0,25,0,0,-25
Sean Gannon,0,0,0,0,0,0,25,0,0,-25
Kerry Schall,0,0,0,0,0,0,25,0,0,-25
Brad Gumm,0,0,0,0,0,0,25,0,0,-25
Kit Cope,0,0,0,0,0,0,25,0,0,-25
Jeff Newton,0,0,0,0,0,0,25,0,0,-25
Mike Whitehead,0,0,0,0,0,0,25,0,0,-25
Keiichiro Yamamiya,0,0,0,0,0,0,25,0,0,-25
Ronald Jhun,0,0,0,0,0,0,25,0,0,-25
Amaury Bitetti,0,0,0,0,0,0,25,0,0,-25
Marcelo Aguiar,0,0,0,0,0,0,25,0,0,-25
Sam Patterson,0,0,0,0,0,0,25,0,0,-25
Chris Haseman,0,0,0,0,0,0,25,0,0,-25
Nick Serra,0,0,0,0,0,0,25,0,0,-25
Joao Pierini,0,0,0,0,0,0,25,0,0,-25
Zach Light,0,0,0,0,0,0,25,0,0,-25
Rodrigo Ruas,0,0,0,0,0,0,25,0,0,-25
Sean Alvarez,0,0,0,0,0,0,25,0,0,-25
Romie Aram,0,0,0,0,0,0,25,0,0,-25
Eddie Ruiz,0,0,0,0,0,0,25,0,0,-25
Gerald Strebendt,0,0,0,0,0,0,25,0,0,-25
Paul Creighton,0,0,0,0,0,0,25,0,0,-25
Ketlen Souza,0,0,0,0,0,0,25,0,0,-25
Kelly Dullanty,0,0,0,0,0,0,25,0,0,-25
Jesse Butler,0,0,0,0,0,0,25,0,0,-25
Homer Moore,0,0,0,0,0,0,25,0,0,-25
Roberto Traven,0,0,0,0,0,0,25,0,0,-25
Braxton Smith,0,0,0,0,0,0,25,0,0,-25
Joey Gilbert,0,0,0,0,0,0,25,0,0,-25
Nick Agallar,0,0,0,0,0,0,25,0,0,-25
Phil Johns,0,0,0,0,0,0,25,0,0,-25
Aaron Brink,0,0,0,0,0,0,25,0,0,-25
Chris Liguori,0,0,0,0,0,0,25,0,0,-25
Alex Stiebling,0,0,0,0,0,0,25,0,0,-25
Hailey Cowan,0,0,0,0,0,0,25,0,0,-25
Ivana Petrovic,0,0,0,0,0,0,25,0,0,-25
Westin Wilson,0,0,0,0,0,0,25,0,0,-25
Icho Larenas,0,0,0,0,0,0,25,0,0,-25
Masutatsu Yano,0,0,0,0,0,0,25,0,0,-25
Danyelle Wolf,0,0,0,0,0,0,25,0,0,-25
Floyd Sword,0,0,0,0,0,0,25,0,0,-25
Frank Caracci,0,0,0,0,0,0,25,0,0,-25
Rex Holman,0,0,0,0,0,0,25,0,0,-25
Darrel Gholar,0,0,0,0,0,0,25,0,0,-25
John Lober,0,0,0,0,0,0,25,0,0,-25
Jose Johnson,0,0,0,0,0,0,25,0,0,-25
Stevie Lynch,0,0,0,0,0,0,25,0,0,-25
Adriano Santos,0,0,0,0,0,0,25,0,0,-25
Brian Geraghty,0,0,0,0,0,0,25,0,0,-25
Allen Berube,0,0,0,0,0,0,25,0,0,-25
Joe Pardo,0,0,0,0,0,0,25,0,0,-25
Hugo Duarte,0,0,0,0,0,0,25,0,0,-25
Andy Wang,0,0,0,0,0,0,25,0,0,-25
Bob Gilstrap,0,0,0,0,0,0,25,0,0,-25
Steve Vigneault,0,0,0,0,0,0,25,0,0,-25
John Kolosci,0,0,0,0,0,0,25,0,0,-25
James Zikic,0,0,0,0,0,0,25,0,0,-25
Dorian Price,0,0,0,0,0,0,25,0,0,-25
Richie Hightower,0,0,0,0,0,0,25,0,0,-25
Dan Barrera,0,0,0,0,0,0,25,0,0,-25
Billy Miles,0,0,0,0,0,0,25,0,0,-25
James Lee,0,0,0,0,0,0,25,0,0,-25
Carlos Mota,0,0,0,0,0,0,25,0,0,-25
Ryan Roberts,0,0,0,0,0,0,25,0,0,-25
Noe Hernandez,0,0,0,0,0,0,25,0,0,-25
Igor Zinoviev,0,0,0,0,0,0,25,0,0,-25
Eugenio Tadeu,0,0,0,0,0,0,25,0,0,-25
Jorge Patino,0,0,0,0,0,0,25,0,0,-25
Steven Koslow,0,0,0,0,0,0,25,0,0,-25
Dennis Buzukja,0,0,0,0,0,0,25,0,0,-25
Erik Silva,0,0,0,0,0,0,25,0,0,-25
Daniel Barez,0,0,0,0,0,0,25,0,0,-25
Jeka Saragih,0,0,0,0,0,0,25,0,0,-25
Rick Davis,0,0,0,0,0,0,25,0,0,-25
Solomon Hutcherson,0,0,0,0,0,0,25,0,0,-25
Yizha,0,0,0,0,0,0,25,0,0,-25
Kristian Rothaermel,0,0,0,0,0,0,25,0,0,-25
SeungGuk Choi,0,0,0,0,0,0,25,0,0,-25
Joe Jordan,0,0,0,0,0,0,25,0,0,-25
Kristof Midoux,0,0,0,0,0,0,25,0,0,-25
Shauna Bannon,0,0,0,0,0,0,25,0,0,-25
Lowell Anderson,0,0,0,0,0,0,25,0,0,-25
Flavio Luiz Moura,0,0,0,0,0,0,25,0,0,-25
Bassil Hafez,0,0,0,0,0,0,25,0,0,-25
Cory Walmsley,0,0,0,0,0,0,25,0,0,-25
Tony Petarra,0,0,0,0,0,0,25,0,0,-25
Mario Neto,0,0,0,0,0,0,25,0,0,-25
Chris Condo,0,0,0,0,0,0,25,0,0,-25
Mateus Mendonca,0,0,0,0,0,0,25,0,0,-25
Justin James,0,0,0,0,0,0,25,0,0,-25
Josh Shockman,0,0,0,0,0,0,25,0,0,-25
Sherman Pendergarst,0,0,0,0,0,0,25,0,0,-25
Darrius Flowers,0,0,0,0,0,0,25,0,0,-25
Nick Aguirre,0,0,0,0,0,0,25,0,0,-25
David Roberts,0,0,0,0,0,0,25,0,0,-25
Steve Byrnes,0,0,0,0,0,0,25,0,0,-25
Renzo Gracie,0,0,0,0,0,0,25,0,0,-25
Filip Pejic,0,0,0,0,0,0,25,0,0,-25
Ray Wizard,0,0,0,0,0,0,25,0,0,-25
Milton Vieira,0,0,0,0,0,0,25,0,0,-25
Yoshinori Horie,0,0,0,0,0,0,25,0,0,-25
Adam Cella,0,0,0,0,0,0,25,0,0,-25
Chris Spang,0,0,0,0,0,0,25,0,0,-25
Jimmy Quinlan,0,0,0,0,0,0,25,0,0,-25
Collin Hart,0,0,0,0,0,0,25,0,0,-25
Gilbert Smith,0,0,0,0,0,0,25,0,0,-25
Sung Bin Jo,0,0,0,0,0,0,25,0,0,-25
Eddie Mendez,0,0,0,0,0,0,25,0,0,-25
Roger Gracie,0,0,0,0,0,0,25,0,0,-25
Alex Gorgees,0,0,0,0,0,0,25,0,0,-25
Justin Frazier,0,0,0,0,0,0,25,0,0,-25
Aaron Wilkinson,0,0,0,0,0,0,25,0,0,-25
Tyler Toner,0,0,0,0,0,0,25,0,0,-25
Sako Chivitchian,0,0,0,0,0,0,25,0,0,-25
Fredson Paixao,0,0,0,0,0,0,25,0,0,-25
Michel Batista,0,0,0,0,0,0,25,0,0,-25
Peggy Morgan,0,0,0,0,0,0,25,0,0,-25
Jon Manley,0,0,0,0,0,0,25,0,0,-25
Antonio Banuelos,0,0,0,0,0,0,25,0,0,-25
Will Chope,0,0,0,0,0,0,25,0,0,-25
Manuel Rodriguez,0,0,0,0,0,0,25,0,0,-25
Dustin Neace,0,0,0,0,0,0,25,0,0,-25
Stephen Bass,0,0,0,0,0,0,25,0,0,-25
Austin Springer,0,0,0,0,0,0,25,0,0,-25
Roman Bogatov,0,0,0,0,0,0,25,0,0,-25
Max Rohskopf,0,0,0,0,0,0,25,0,0,-25
Chris Tickle,0,0,0,0,0,0,25,0,0,-25
Chris Saunders,0,0,0,0,0,0,25,0,0,-25
Jesse Bongfeldt,0,0,0,0,0,0,25,0,0,-25
Ben Sosoli,0,0,0,0,0,0,25,0,0,-25
Chuck O'Neil,0,0,0,0,0,0,25,0,0,-25
Ryan McGillivray,0,0,0,0,0,0,25,0,0,-25
Wagner Campos,0,0,0,0,0,0,25,0,0,-25
Charlie Valencia,0,0,0,0,0,0,25,0,0,-25
Delson Heleno,0,0,0,0,0,0,25,0,0,-25
John Teixeira,0,0,0,0,0,0,25,0,0,-25
Anistavio Medeiros,0,0,0,0,0,0,25,0,0,-25
Isabela de Padua,0,0,0,0,0,0,25,0,0,-25
Shunichi Shimizu,0,0,0,0,0,0,25,0,0,-25
Adam Yandiev,0,0,0,0,0,0,25,0,0,-25
Albert Cheng,0,0,0,0,0,0,25,0,0,-25
Lewis Gonzalez,0,0,0,0,0,0,25,0,0,-25
Mark Scanlon,0,0,0,0,0,0,25,0,0,-25
Nick Roehrick,0,0,0,0,0,0,25,0,0,-25
Tom Gallicchio,0,0,0,0,0,0,25,0,0,-25
Cindy Dandois,0,0,0,0,0,0,25,0,0,-25
Martin Sano,0,0,0,0,0,0,25,0,0,-25
Josh Bryant,0,0,0,0,0,0,25,0,0,-25
Keith Berish,0,0,0,0,0,0,25,0,0,-25
Bubba Bush,0,0,0,0,0,0,25,0,0,-25
James Hammortree,0,0,0,0,0,0,25,0,0,-25
Bruno Korea,0,0,0,0,0,0,25,0,0,-25
Zviad Lazishvili,0,0,0,0,0,0,25,0,0,-25
Vernon Ramos Ho,0,0,0,0,0,0,25,0,0,-25
Abner Lloveras,0,0,0,0,0,0,25,0,0,-25
Marcin Wrzosek,0,0,0,0,0,0,25,0,0,-25
CM Punk,0,0,0,0,0,0,25,0,0,-25
Martin Svensson,0,0,0,0,0,0,25,0,0,-25
Cory Hendricks,0,0,0,0,0,0,25,0,0,-25
James Toney,0,0,0,0,0,0,25,0,0,-25
James Mulheron,0,0,0,0,0,0,25,0,0,-25
Bharat Kandare,0,0,0,0,0,0,25,0,0,-25
Melinda Fabian,0,0,0,0,0,0,25,0,0,-25
Joe Giannetti,0,0,0,0,0,0,25,0,0,-25
Jay Cucciniello,0,0,0,0,0,0,25,0,0,-25
Alexandre Ferreira,0,0,0,0,0,0,25,0,0,-25
Richie Smullen,0,0,0,0,0,0,25,0,0,-25
Guilherme Vasconcelos,0,0,0,0,0,0,25,0,0,-25
Vinicius Queiroz,0,0,0,0,0,0,25,0,0,-25
Izabela Badurek,0,0,0,0,0,0,25,0,0,-25
Jianping Yang,0,0,0,0,0,0,25,0,0,-25
Tina Lahdemaki,0,0,0,0,0,0,25,0,0,-25
Humberto Brown Morrison,0,0,0,0,0,0,25,0,0,-25
Maia Stevenson,0,0,0,0,0,0,25,0,0,-25
Karine Gevorgyan,0,0,0,0,0,0,25,0,0,-25
Alex Torres,0,0,0,0,0,0,25,0,0,-25
Bentley Syler,0,0,0,0,0,0,25,0,0,-25
Rocky Lee,0,0,0,0,0,0,25,0,0,-25
Matt Lucas,0,0,0,0,0,0,25,0,0,-25
Blood Diamond,0,0,0,0,0,0,75,47,0,-28
Victor Valimaki,0,0,0,0,0,0,50,22,0,-28
Steve Cantwell,0,90,0,0,0,0,125,2,0,-33
Hector Ramirez,0,0,0,0,0,0,50,16,0,-34
Elvis Sinosic,0,90,0,0,0,0,150,0,25,-35
Dustin Pague,0,90,0,0,0,0,125,0,0,-35
Steve Montgomery,0,0,0,0,0,0,50,14,0,-36
Ali AlQaisi,0,0,0,0,0,0,50,14,0,-36
Colin Fletcher,0,0,0,0,0,0,50,14,0,-36
Roldan Sangcha'an,0,0,0,0,0,0,50,13,0,-37
Antonio Dos Santos,0,0,0,0,0,0,50,13,0,-37
Denis Stojnic,0,0,0,0,0,0,50,12,0,-38
Nohelin Hernandez,0,0,0,0,0,0,50,12,0,-38
Brodie Farber,0,0,0,0,0,0,50,12,0,-38
Barb Honchak,0,0,0,0,0,0,50,12,0,-38
Jon Olav Einemo,0,0,0,0,0,0,50,10,0,-40
Sarah Frota,0,0,0,0,0,0,50,9,0,-41
Anthony Macias,0,0,0,0,0,0,50,8,0,-42
Zhalgas Zhumagulov,0,90,0,0,0,0,150,18,0,-42
Bernardo Magalhaes,0,0,0,0,0,0,50,8,0,-42
Jessica Rakoczy,0,0,0,0,0,0,50,8,0,-42
Antonio Arroyo,0,0,0,0,0,0,75,32,0,-43
Leonardo Guimaraes,0,0,0,0,0,0,50,7,0,-43
Bobby Moffett,0,0,0,0,0,0,50,7,0,-43
Razak Al-Hassan,0,0,0,0,0,0,50,6,0,-44
Mike Santiago,0,0,0,0,0,0,75,31,0,-44
Darian Weeks,0,0,0,0,0,0,75,31,0,-44
Danny Mitchell,0,0,0,0,0,0,50,6,0,-44
Cesar Arzamendia,0,0,0,0,0,0,50,6,0,-44
Anton Zafir,0,0,0,0,0,0,50,6,0,-44
Joey Gambino,0,0,0,0,0,0,50,6,0,-44
Grigory Popov,0,0,0,0,0,0,50,5,0,-45
Larry Cureton,0,0,0,0,0,0,50,5,0,-45
Steve Judson,0,0,0,0,0,0,50,5,0,-45
Kwan Ho Kwak,0,0,0,0,0,0,50,4,0,-46
Juan Manuel Puig,0,0,0,0,0,0,50,4,0,-46
Cristina Stanciu,0,0,0,0,0,0,50,4,0,-46
Wagner Prado,0,0,0,0,0,0,50,4,0,-46
Royce Alger,0,0,0,0,0,0,50,3,0,-47
Anthony Lapsley,0,0,0,0,0,0,50,3,0,-47
Shane del Rosario,0,0,0,0,0,0,50,3,0,-47
Oliver Enkamp,0,0,0,0,0,0,50,3,0,-47
Hayder Hassan,0,0,0,0,0,0,50,3,0,-47
Gabriella Fernandes,0,0,0,0,0,0,50,2,0,-48
Lucio Linhares,0,0,0,0,0,0,50,2,0,-48
Ross Pointon,0,0,0,0,0,0,50,2,0,-48
Fernando Bruno,0,0,0,0,0,0,50,2,0,-48
Ulysses Gomez,0,0,0,0,0,0,50,2,0,-48
Juancamilo Ronderos,0,0,0,0,0,0,50,2,0,-48
Drako Rodriguez,0,0,0,0,0,0,50,2,0,-48
Cameron VanCamp,0,0,0,0,0,0,50,2,0,-48
Tommy Hayden,0,0,0,0,0,0,50,1,0,-49
Leonardo Morales,0,0,0,0,0,0,50,1,0,-49
John Cofer,0,0,0,0,0,0,50,1,0,-49
Wes Combs,0,0,0,0,0,0,50,1,0,-49
Joe Charles,0,0,0,0,0,0,50,1,0,-49
Roger Bowling,0,0,0,0,0,0,50,1,0,-49
Sean Salmon,0,0,0,0,0,0,50,1,0,-49
Mark Holst,0,0,0,0,0,0,50,1,0,-49
Ryan Couture,0,0,0,0,0,0,50,1,0,-49
Emily Kagan,0,0,0,0,0,0,50,1,0,-49
Alex Ricci,0,0,0,0,0,0,50,1,0,-49
David Lee,0,0,0,0,0,0,50,1,0,-49
Jorge Lopez,0,0,0,0,0,0,50,1,0,-49
Denys Bondar,0,0,0,0,0,0,50,1,0,-49
Mike Jackson,0,0,0,0,0,0,50,1,0,-49
Tim Williams,0,0,0,0,0,0,50,1,0,-49
Tim Lajcik,0,0,0,0,0,0,50,1,0,-49
Rob Wilkinson,0,0,0,0,0,0,50,0,0,-50
Valeri Ignatov,0,0,0,0,0,0,50,0,0,-50
Wagner Silva,0,0,0,0,0,0,50,0,0,-50
Dashon Johnson,0,0,0,0,0,0,50,0,0,-50
Chris Heatherly,0,0,0,0,0,0,50,0,0,-50
Jason Godsey,0,0,0,0,0,0,50,0,0,-50
Takenori Sato,0,0,0,0,0,0,50,0,0,-50
James Bochnovic,0,0,0,0,0,0,50,0,0,-50
Guto Inocente,0,0,0,0,0,0,50,0,0,-50
Tim Gorman,0,0,0,0,0,0,50,0,0,-50
Domingo Pilarte,0,0,0,0,0,0,50,0,0,-50
Carl Deaton,0,0,0,0,0,0,50,0,0,-50
Dan Evensen,0,0,0,0,0,0,50,0,0,-50
Jack May,0,0,0,0,0,0,50,0,0,-50
Rosi Sexton,0,0,0,0,0,0,50,0,0,-50
Jamey Simmons,0,0,0,0,0,0,50,0,0,-50
Luan Lacerda,0,0,0,0,0,0,50,0,0,-50
Julie Kedzie,0,0,0,0,0,0,50,0,0,-50
Jose Maria,0,0,0,0,0,0,50,0,0,-50
Steve Berger,0,0,0,0,0,0,50,0,0,-50
Danny Downes,0,0,0,0,0,0,50,0,0,-50
Cameron Else,0,0,0,0,0,0,50,0,0,-50
Hernani Perpetuo,0,0,0,0,0,0,50,0,0,-50
Nick Fiore,0,0,0,0,0,0,50,0,0,-50
Xavier Foupa-Pokam,0,0,0,0,0,0,50,0,0,-50
Elias Garcia,0,0,0,0,0,0,50,0,0,-50
Alexandre Dantas,0,0,0,0,0,0,50,0,0,-50
Joao Zeferino,0,0,0,0,0,0,50,0,0,-50
Yuri Villefort,0,0,0,0,0,0,50,0,0,-50
Amar Suloev,0,0,0,0,0,0,50,0,0,-50
TJ Laramie,0,0,0,0,0,0,50,0,0,-50
Quinn Mulhern,0,0,0,0,0,0,50,0,0,-50
Brandon Jenkins,0,0,0,0,0,0,50,0,0,-50
Brian Houston,0,0,0,0,0,0,50,0,0,-50
Ramiro Hernandez,0,0,0,0,0,0,50,0,0,-50
Chris Brennan,0,0,0,0,0,0,50,0,0,-50
Craig White,0,0,0,0,0,0,50,0,0,-50
Bobby Hoffman,0,0,0,0,0,0,50,0,0,-50
Bruno Souza,0,0,0,0,0,0,50,0,0,-50
Ben Wall,0,0,0,0,0,0,50,0,0,-50
Gabriel Santos,0,0,0,0,0,0,50,0,0,-50
Matt Bessette,0,0,0,0,0,0,50,0,0,-50
Chris Indich,0,0,0,0,0,0,50,0,0,-50
Shannon Ross,0,0,0,0,0,0,50,0,0,-50
Kris Moutinho,0,0,0,0,0,0,50,0,0,-50
David Dodd,0,0,0,0,0,0,50,0,0,-50
Micheal Gillmore,0,0,0,0,0,0,50,0,0,-50
Josh Copeland,0,0,0,0,0,0,50,0,0,-50
Mats Nilsson,0,0,0,0,0,0,50,0,0,-50
Chris Avila,0,0,0,0,0,0,50,0,0,-50
Gaetano Pirrello,0,0,0,0,0,0,50,0,0,-50
Jason Novelli,0,0,0,0,0,0,50,0,0,-50
Ronys Torres,0,0,0,0,0,0,50,0,0,-50
Anna Elmose,0,0,0,0,0,0,50,0,0,-50
Ericka Almeida,0,0,0,0,0,0,50,0,0,-50
Yusuke Kasuya,0,0,0,0,0,0,50,0,0,-50
Elvis Mutapcic,0,0,0,0,0,0,50,0,0,-50
Joseph Gigliotti,0,0,0,0,0,0,50,0,0,-50
JC Cottrell,0,0,0,0,0,0,50,0,0,-50
Daniel Jolly,0,0,0,0,0,0,50,0,0,-50
Roman Salazar,0,0,0,0,0,0,50,0,0,-50
Anthony Christodoulou,0,0,0,0,0,0,50,0,0,-50
Sam Adkins,0,0,0,0,0,0,50,0,0,-50
Michael McBride,0,0,0,0,0,0,50,0,0,-50
Paul Redmond,0,0,0,0,0,0,50,0,0,-50
Steve Kennedy,0,0,0,0,0,0,50,0,0,-50
Collin Anglin,0,0,0,0,0,0,50,0,0,-50
Alexis Dufresne,0,0,0,0,0,0,50,0,0,-50
Cody East,0,0,0,0,0,0,50,0,0,-50
Rin Nakai,0,0,0,0,0,0,50,0,0,-50
Mehdi Baghdad,0,0,0,0,0,0,50,0,0,-50
Dileno Lopes,0,0,0,0,0,0,50,0,0,-50
John Allan,0,0,0,0,0,0,50,0,0,-50
Enrique Marin,0,0,0,0,0,0,50,0,0,-50
Jonavin Webb,0,0,0,0,0,0,50,0,0,-50
Terrence Mitchell,0,0,0,0,0,0,50,0,0,-50
Alex Reyes,0,0,0,0,0,0,50,0,0,-50
Horacio Gutierrez,0,0,0,0,0,0,50,0,0,-50
Alberto Uda,0,0,0,0,0,0,50,0,0,-50
Joey Gomez,0,0,0,0,0,0,50,0,0,-50
Konstantin Erokhin,0,0,0,0,0,0,50,0,0,-50
Jesse Lennox,0,0,0,0,0,0,50,0,0,-50
Andreas Stahl,0,0,0,0,0,0,50,0,0,-50
Leo Kuntz,0,0,0,0,0,0,50,0,0,-50
Jim Wallhead,0,0,0,0,0,0,50,0,0,-50
Chase Gormley,0,0,0,0,0,0,50,0,0,-50
Dakota Bush,0,0,0,0,0,0,50,0,0,-50
Charlie Ward,0,0,0,0,0,0,50,0,0,-50
Shayna Baszler,0,0,0,0,0,0,50,0,0,-50
Cain Carrizosa,0,0,0,0,0,0,50,0,0,-50
Jorge de Oliveira,0,0,0,0,0,0,50,0,0,-50
Mark Striegl,0,0,0,0,0,0,50,0,0,-50
Townsend Saunders,0,0,0,0,0,0,50,0,0,-50
Larissa Pacheco,0,0,0,0,0,0,50,0,0,-50
Jesse Strader,0,0,0,0,0,0,50,0,0,-50
Steve Lopez,0,0,0,0,0,0,50,0,0,-50
Josh Shockley,0,0,0,0,0,0,50,0,0,-50
Rodrigo de Lima,0,0,0,0,0,0,50,0,0,-50
Vinicius Salvador,0,0,0,0,0,0,50,0,0,-50
Richardson Moreira,0,0,0,0,0,0,50,0,0,-50
Carls John De Tomas,0,0,0,0,0,0,50,0,0,-50
Shane Howell,0,0,0,0,0,0,50,0,0,-50
Tateki Matsuda,0,0,0,0,0,0,50,0,0,-50
Justin Jones,0,0,0,0,0,0,50,0,0,-50
Julio Paulino,0,0,0,0,0,0,50,0,0,-50
Marcin Bandel,0,0,0,0,0,0,50,0,0,-50
Jarno Errens,0,0,0,0,0,0,50,0,0,-50
Sarah Alpar,0,0,0,0,0,0,50,0,0,-50
Christophe Leninger,0,0,0,0,0,0,50,0,0,-50
Toshiomi Kazama,0,0,0,0,0,0,50,0,0,-50
Wendell Oliveira Marques,0,0,0,0,0,0,50,0,0,-50
Moti Horenstein,0,0,0,0,0,0,50,0,0,-50
Luiz Dutra,0,0,0,0,0,0,50,0,0,-50
Yusaku Kinoshita,0,0,0,0,0,0,50,0,0,-50
Jay Silva,0,0,0,0,0,0,50,0,0,-50
Chan-Mi Jeon,0,0,0,0,0,0,50,0,0,-50
Pearl Gonzalez,0,0,0,0,0,0,50,0,0,-50
Christian Colombo,0,0,0,0,0,0,50,0,0,-50
Michel Quinones,0,0,0,0,0,0,50,0,0,-50
Lisa Ellis,0,0,0,0,0,0,50,0,0,-50
Ashkan Mokhtarian,0,0,0,0,0,0,50,0,0,-50
Te Edwards,0,0,0,0,0,0,50,0,0,-50
Ricky Rainey,0,0,0,0,0,0,50,0,0,-50
Joe Brammer,0,0,0,0,0,0,50,0,0,-50
Don Shainis,0,0,0,0,0,0,50,0,0,-50
Suman Mokhtarian,0,0,0,0,0,0,50,0,0,-50
Ray Rodriguez,0,0,0,0,0,0,50,0,0,-50
Carlo Prater,0,0,0,0,0,0,50,0,0,-50
Louis Cosce,0,0,0,0,0,0,50,0,0,-50
Jason Tan,0,0,0,0,0,0,50,0,0,-50
Boston Salmon,0,0,0,0,0,0,50,0,0,-50
TJ O'Brien,0,0,0,0,0,0,50,0,0,-50
Thomas Gifford,0,0,0,0,0,0,50,0,0,-50
Jeremy Jackson,0,0,0,0,0,0,50,0,0,-50
Tom DeBlass,0,0,0,0,0,0,50,0,0,-50
Yasuhiro Urushitani,0,0,0,0,0,0,50,0,0,-50
Crafton Wallace,0,0,0,0,0,0,50,0,0,-50
Danny Abbadi,0,0,0,0,0,0,50,0,0,-50
Kazuhiro Nakamura,0,0,0,0,0,0,50,0,0,-50
Chad Griggs,0,0,0,0,0,0,50,0,0,-50
Eric Wisely,0,0,0,0,0,0,50,0,0,-50
Rostem Akman,0,0,0,0,0,0,50,0,0,-50
Nick Penner,0,0,0,0,0,0,50,0,0,-50
Todd Brown,0,0,0,0,0,0,50,0,0,-50
Peter Barrett,0,0,0,0,0,0,50,0,0,-50
Sammy Morgan,0,0,0,0,0,0,50,0,0,-50
Rob Yundt,0,0,0,0,0,0,50,0,0,-50
Saimon Oliveira,0,0,0,0,0,0,50,0,0,-50
Gilbert Aldana,0,0,0,0,0,0,50,0,0,-50
Byron Bloodworth,0,0,0,0,0,0,50,0,0,-50
Justin Levens,0,0,0,0,0,0,50,0,0,-50
Danilo Belluardo,0,0,0,0,0,0,50,0,0,-50
CJ Keith,0,0,0,0,0,0,50,0,0,-50
Fabiano Scherner,0,0,0,0,0,0,50,0,0,-50
Chris Price,0,0,0,0,0,0,50,0,0,-50
Sheila Gaff,0,0,0,0,0,0,50,0,0,-50
Eiji Mitsuoka,0,0,0,0,0,0,50,0,0,-50
Gadzhi Omargadzhiev,0,0,0,0,0,0,50,0,0,-50
Doug Evans,0,0,0,0,0,0,50,0,0,-50
Carlton Minus,0,0,0,0,0,0,50,0,0,-50
Gabriel Silva,0,0,0,0,0,0,50,0,0,-50
Jordan Radev,0,0,0,0,0,0,50,0,0,-50
Jason Miller,0,0,0,0,0,0,75,0,25,-50
Colin Robinson,0,0,0,0,0,0,50,0,0,-50
Luis Ramos,0,0,0,0,0,0,50,0,0,-50
Luke Caudillo,0,0,0,0,0,0,50,0,0,-50
Joe Veres,0,0,0,0,0,0,50,0,0,-50
Jason Black,0,0,0,0,0,0,50,0,0,-50
Alberto Crane,0,0,0,0,0,0,50,0,0,-50
Jacob Kilburn,0,0,0,0,0,0,50,0,0,-50
Edilberto de Oliveira,0,0,0,0,0,0,50,0,0,-50
John Halverson,0,0,0,0,0,0,50,0,0,-50
Dokonjonosuke Mishima,0,0,0,0,0,0,50,0,0,-50
Jason Gilliam,0,0,0,0,0,0,50,0,0,-50
Vince Cachero,0,0,0,0,0,0,50,0,0,-50
Liudvik Sholinian,0,0,0,0,0,0,50,0,0,-50
Tommy Speer,0,0,0,0,0,0,50,0,0,-50
Dan Stittgen,0,0,0,0,0,0,50,0,0,-50
Josh Ferguson,0,0,0,0,0,0,50,0,0,-50
Carlos Candelario,0,0,0,0,0,0,50,0,0,-50
Jeff Cox,0,0,0,0,0,0,50,0,0,-50
Oli Thompson,0,0,0,0,0,0,50,0,0,-50
Chad Reiner,0,0,0,0,0,0,50,0,0,-50
Michael Patt,0,0,0,0,0,0,50,0,0,-50
Alex Soto,0,0,0,0,0,0,50,0,0,-50
Aalon Cruz,0,0,0,0,0,0,50,0,0,-50
Joe Vedepo,0,0,0,0,0,0,50,0,0,-50
Pat Schilling,0,0,0,0,0,0,50,0,0,-50
Carlos Huachin,0,0,0,0,0,0,50,0,0,-50
Roger Hollett,0,0,0,0,0,0,50,0,0,-50
Brok Weaver,0,0,0,0,0,0,50,0,0,-50
Besam Yousef,0,0,0,0,0,0,50,0,0,-50
Matt Horwich,0,0,0,0,0,0,50,0,0,-50
Kyle Stewart,0,0,0,0,0,0,50,0,0,-50
Ansar Chalangov,0,0,0,0,0,0,50,0,0,-50
Amilcar Alves,0,0,0,0,0,0,50,0,0,-50
Victor Rodriguez,0,0,0,0,0,0,50,0,0,-50
Pat Audinwood,0,0,0,0,0,0,50,0,0,-50
Ryan Thomas,0,0,0,0,0,0,50,0,0,-50
Azamat Gashimov,0,0,0,0,0,0,50,0,0,-50
Curtis Stout,0,0,0,0,0,0,50,0,0,-50
Donny Walker,0,0,0,0,0,0,50,0,0,-50
Cole Williams,0,0,0,0,0,0,50,0,0,-50
Koji Oishi,0,0,0,0,0,0,50,0,0,-50
Allen Crowder,0,0,0,0,0,0,50,0,0,-50
Andre Gusmao,0,0,0,0,0,0,50,0,0,-50
Tonya Evinger,0,0,0,0,0,0,75,0,25,-50
Reese Andy,0,0,0,0,0,0,50,0,0,-50
David Kaplan,0,0,0,0,0,0,50,0,0,-50
Paul Bradley,0,0,0,0,0,0,50,0,0,-50
Brogan Walker,0,0,0,0,0,0,50,0,0,-50
Brandon Wolff,0,0,0,0,0,0,50,0,0,-50
Bristol Marunde,0,0,0,0,0,0,50,0,0,-50
Edward Faaloloto,0,0,0,0,0,0,50,0,0,-50
Ednaldo Oliveira,0,0,0,0,0,0,50,0,0,-50
Josh Clopton,0,0,0,0,0,0,50,0,0,-50
Travis Wiuff,0,0,0,0,0,0,50,0,0,-50
Jin Soo Son,0,0,0,0,0,0,50,0,0,-50
Samy Schiavo,0,0,0,0,0,0,50,0,0,-50
KB Bhullar,0,0,0,0,0,0,50,0,0,-50
Mike Stumpf,0,0,0,0,0,0,50,0,0,-50
Marcos Mariano,0,0,0,0,0,0,50,0,0,-50
Ryan MacDonald,0,0,0,0,0,0,50,0,0,-50
Motonobu Tezuka,0,0,0,0,0,0,50,0,0,-50
Mike Lullo,0,0,0,0,0,0,50,0,0,-50
Kevin Jordan,0,0,0,0,0,0,50,0,0,-50
Kyle Prepolec,0,0,0,0,0,0,50,0,0,-50
Antonio Mendes,0,0,0,0,0,0,50,0,0,-50
Stefan Sekulic,0,0,0,0,0,0,50,0,0,-50
Brock Jardine,0,0,0,0,0,0,50,0,0,-50
Joseph Sandoval,0,0,0,0,0,0,50,0,0,-50
Anthony Ivy,0,0,0,0,0,0,50,0,0,-50
Derrick Krantz,0,0,0,0,0,0,50,0,0,-50
Brad Morris,0,0,0,0,0,0,50,0,0,-50
Yosdenis Cedeno,0,0,0,0,0,0,75,22,0,-53
Sean Soriano,0,0,0,0,0,0,125,72,0,-53
Kevin Croom,0,0,0,0,0,0,75,22,0,-53
Kalindra Faria,0,0,0,0,0,0,75,21,0,-54
Martin Day,0,0,0,0,0,0,100,45,0,-55
Alan Baudot,0,0,0,0,0,0,75,19,0,-56
Zelim Imadaev,0,0,0,0,0,0,75,17,0,-58
Jay Perrin,0,0,0,0,0,0,75,17,0,-58
Jeremy Larsen,0,0,0,0,0,0,75,16,0,-59
Istela Nunes,0,0,0,0,0,0,100,39,0,-61
Mike Breeden,0,0,0,0,0,0,75,12,0,-63
Sabah Homasi,0,0,0,0,0,0,75,12,0,-63
Marcelo Rojo,0,0,0,0,0,0,75,8,0,-67
Hector Aldana,0,0,0,0,0,0,75,7,0,-68
Norifumi Yamamoto,0,0,0,0,0,0,75,7,0,-68
Gideon Ray,0,0,0,0,0,0,75,7,0,-68
Kris McCray,0,0,0,0,0,0,75,6,0,-69
Jordan Williams,0,0,0,0,0,0,75,6,0,-69
Michihiro Omigawa,0,0,80,0,0,0,150,0,0,-70
Niklas Stolze,0,0,0,0,0,0,75,4,0,-71
Bobby Nash,0,0,0,0,0,0,75,3,0,-72
Jake Lindsey,0,0,0,0,0,0,75,3,0,-72
Fernie Garcia,0,0,0,0,0,0,75,2,0,-73
Jumabieke Tuerxun,0,0,0,0,0,0,75,1,0,-74
Jared Papazian,0,0,0,0,0,0,75,1,0,-74
Fabio Cherant,0,0,0,0,0,0,75,1,0,-74
Assuerio Silva,0,0,0,0,0,0,75,1,0,-74
Lukasz Sajewski,0,0,0,0,0,0,75,1,0,-74
Kamal Shalorus,0,0,0,0,0,0,75,0,0,-75
Charlie Ontiveros,0,0,0,0,0,0,75,0,0,-75
Harry Hunsucker,0,0,0,0,0,0,75,0,0,-75
Dominic Waters,0,0,0,0,0,0,75,0,0,-75
Anton Turkalj,0,0,0,0,0,0,75,0,0,-75
Dan Lauzon,0,0,0,0,0,0,75,0,0,-75
Mostapha Al-Turk,0,0,0,0,0,0,75,0,0,-75
Jeff Hughes,0,0,0,0,0,0,75,0,0,-75
Cole Escovedo,0,0,0,0,0,0,75,0,0,-75
Jeff Curran,0,0,0,0,0,0,75,0,0,-75
Marcio Alexandre Junior,0,0,0,0,0,0,75,0,0,-75
Jocelyn Jones-Lybarger,0,0,0,0,0,0,75,0,0,-75
Hu Yaozong,0,0,0,0,0,0,75,0,0,-75
Jason Reinhardt,0,0,0,0,0,0,75,0,0,-75
Wulijiburen,0,0,0,0,0,0,75,0,0,-75
Rhys McKee,0,0,0,0,0,0,75,0,0,-75
Daiju Takase,0,0,0,0,0,0,75,0,0,-75
Edwin DeWees,0,0,0,0,0,0,75,0,0,-75
Mike Rhodes,0,0,0,0,0,0,75,0,0,-75
Garett Whiteley,0,0,0,0,0,0,75,0,0,-75
Brian Camozzi,0,0,0,0,0,0,75,0,0,-75
Genaro Valdez,0,0,0,0,0,0,75,0,0,-75
Gilbert Yvel,0,0,0,0,0,0,75,0,0,-75
Salim Touahri,0,0,0,0,0,0,75,0,0,-75
Estevan Payan,0,0,0,0,0,0,75,0,0,-75
Yoji Anjo,0,0,0,0,0,0,75,0,0,-75
Angela Magana,0,0,0,0,0,0,75,0,0,-75
Jesse Forbes,0,0,0,0,0,0,75,0,0,-75
Gabe Ruediger,0,0,0,0,0,0,75,0,0,-75
Dan Moret,0,0,0,0,0,0,75,0,0,-75
Erick Gonzalez,0,0,0,0,0,0,75,0,0,-75
Wes Sims,0,0,0,0,0,0,75,0,0,-75
Roque Martinez,0,0,0,0,0,0,75,0,0,-75
Dmitrii Smoliakov,0,0,0,0,0,0,75,0,0,-75
Iliarde Santos,0,0,0,0,0,0,75,0,0,-75
Andy Enz,0,0,0,0,0,0,75,0,0,-75
Kevin Natividad,0,0,0,0,0,0,75,0,0,-75
Ruan Potts,0,0,0,0,0,0,75,0,0,-75
Josh Haynes,0,0,0,0,0,0,75,0,0,-75
Damacio Page,0,0,0,0,0,0,75,0,0,-75
Darrell Montague,0,0,0,0,0,0,75,0,0,-75
Rodney Wallace,0,0,0,0,0,0,75,0,0,-75
Diego Saraiva,0,0,0,0,0,0,75,0,0,-75
Liang Na,0,0,0,0,0,0,75,0,0,-75
Damian Grabowski,0,0,0,0,0,0,75,0,0,-75
Brad Imes,0,0,0,0,0,0,75,0,0,-75
Ramona Pascual,0,0,0,0,0,0,75,0,0,-75
Bojan Mihajlovic,0,0,0,0,0,0,75,0,0,-75
Seth Petruzelli,0,0,0,0,0,0,100,22,0,-78
Phillipe Nover,0,0,0,0,70,0,150,0,0,-80
Terrion Ware,0,0,0,0,0,0,100,18,0,-82
Ricardo Funch,0,0,0,0,0,0,100,15,0,-85
Edgar Garcia,0,0,0,0,0,0,100,15,0,-85
Zarah Fairn,0,0,0,0,0,0,100,15,0,-85
Bobby Voelker,0,0,0,0,0,0,100,11,0,-89
Khadis Ibragimov,0,0,0,0,0,0,100,10,0,-90
Jay Hieron,0,0,0,0,0,0,100,7,0,-93
Tiki Ghosn,0,0,0,0,0,0,100,4,0,-96
Josh Grispi,0,0,0,0,0,0,100,3,0,-97
Jerome Rivera,0,0,0,0,0,0,100,3,0,-97
Dequan Townsend,0,0,0,0,0,0,100,0,0,-100
Keith Wisniewski,0,0,0,0,0,0,100,0,0,-100
JP Buys,0,0,0,0,0,0,100,0,0,-100
Alen Amedovski,0,0,0,0,0,0,100,0,0,-100
Aaron Phillips,0,0,0,0,0,0,100,0,0,-100
Vinicius Moreira,0,0,0,0,0,0,100,0,0,-100
Daniel Lacerda,0,0,0,0,0,0,100,0,0,-100
Will Campuzano,0,0,0,0,0,0,100,0,0,-100
Jodie Esquibel,0,0,0,0,0,0,100,0,0,-100
Jesse Ronson,0,0,0,0,0,0,125,19,0,-106
John Alessio,0,0,0,0,0,0,125,12,0,-113
Pat Healy,0,0,0,0,0,0,125,12,0,-113
Naoyuki Kotani,0,0,0,0,0,0,125,0,0,-125
